"","pitch_type","batter_num","pitch_rl","bat_rl","inning","balls","strikes","out","on_1b","on_2b","on_3b","score_diff","prev_pitch_type"
"56","SL","7","0","1",2,"2","2",0,0,0,0,1,NA
"78","CU","2","0","1",2,"0","2",2,1,0,1,1,"SL"
"83","SL","3","0","0",3,"0","2",0,0,0,0,1,"CU"
"86","SL","4","0","1",3,"1","1",0,0,1,0,1,"SL"
"89","SL","4","0","1",3,"3","2",0,0,0,1,1,"SL"
"92","SL","6","0","0",3,"0","0",2,0,0,0,0,NA
"171","FF","1","0","0",1,"2","2",0,0,0,0,0,"SL"
"177","FF","3","0","1",1,"0","0",2,0,0,0,0,NA
"180","FF","4","0","1",2,"0","1",0,0,0,0,0,"FF"
"186","FF","6","0","1",2,"2","0",1,1,0,0,0,"FF"
"189","FF","7","0","1",2,"0","0",1,1,0,0,0,NA
"195","FF","7","0","1",2,"3","2",1,0,0,1,0,"FF"
"199","SL","9","0","1",3,"0","0",0,0,0,0,0,NA
"206","CU","1","0","0",3,"2","2",1,0,0,0,0,"SL"
"213","FF","1","0","1",1,"0","1",0,0,0,0,0,"CU"
"216","FF","2","0","1",1,"1","0",0,1,0,0,0,"FF"
"222","FF","3","0","1",1,"1","1",0,1,0,0,-1,"FF"
"225","FF","4","0","1",1,"0","0",1,1,0,0,-1,NA
"226","SL","4","0","1",1,"0","1",1,1,0,0,-1,"FF"
"228","FF","5","0","1",1,"0","0",2,1,0,0,-1,NA
"231","FF","6","0","1",2,"0","0",0,0,0,0,-1,NA
"242","CU","1","0","1",3,"0","1",1,0,0,0,-1,"FF"
"243","FF","2","0","1",3,"0","0",1,0,0,0,-1,NA
"244","SL","2","0","1",3,"0","1",1,0,0,0,-1,"FF"
"246","FF","3","0","1",3,"1","0",2,0,1,0,-1,"SL"
"249","FF","4","0","1",4,"0","2",0,0,0,0,-1,"FF"
"250","SL","4","0","1",4,"1","2",0,0,0,0,-1,"FF"
"251","CU","4","0","1",4,"1","2",0,0,0,0,-1,"SL"
"254","CU","4","0","1",4,"2","2",0,0,0,0,-1,"CU"
"256","SL","5","0","1",4,"1","0",1,0,0,0,-1,"CU"
"257","CU","5","0","1",4,"1","1",1,0,0,0,-1,"SL"
"258","FF","5","0","1",4,"1","2",1,0,0,0,-1,"CU"
"259","SL","5","0","1",4,"2","2",1,0,0,0,-1,"FF"
"264","FF","6","0","1",4,"0","1",1,0,0,0,-1,"SL"
"266","CU","6","0","1",4,"1","2",1,0,0,0,-1,"FF"
"267","FF","6","0","1",4,"1","2",1,0,0,0,-1,"CU"
"270","FF","7","0","0",4,"0","2",2,0,1,0,-1,"FF"
"271","SL","8","0","1",5,"0","0",0,0,0,0,1,NA
"272","CU","8","0","1",5,"0","1",0,0,0,0,1,"SL"
"279","FF","1","0","1",5,"0","1",1,0,1,0,1,"CU"
"282","FF","2","0","1",5,"0","0",1,0,1,0,1,NA
"284","CU","2","0","1",5,"1","1",1,0,1,0,1,"FF"
"289","SL","4","0","1",5,"2","0",2,0,1,0,-1,"CU"
"291","FF","5","0","1",6,"0","0",0,0,0,0,-1,NA
"293","CU","5","0","1",6,"0","2",0,0,0,0,-1,"FF"
"294","FF","6","0","1",6,"0","0",0,0,0,0,-1,NA
"295","SL","6","0","1",6,"1","0",0,0,0,0,-1,"FF"
"300","FF","7","0","0",6,"0","0",1,1,0,0,-1,NA
"305","CU","7","0","0",6,"2","2",1,1,0,0,-1,"FF"
"306","FF","7","0","0",6,"3","2",1,0,0,0,-1,"CU"
"312","FF","1","0","1",1,"1","0",0,0,0,0,0,"FF"
"315","FF","1","0","1",1,"3","1",0,0,0,0,0,"FF"
"318","FF","3","0","1",1,"0","0",0,1,1,0,0,NA
"322","SL","5","0","1",1,"1","1",1,1,1,0,-1,"FF"
"323","CU","5","0","1",1,"1","2",1,1,1,0,-1,"SL"
"326","CU","6","0","1",1,"0","2",2,1,1,0,-1,"CU"
"330","FF","7","0","1",2,"1","1",0,0,0,0,-1,"CU"
"333","FF","8","0","1",2,"0","1",1,0,0,0,-1,"FF"
"335","CU","8","0","1",2,"1","2",1,0,0,0,-1,"FF"
"336","FF","9","0","1",2,"0","0",1,0,0,0,-1,NA
"337","SL","1","0","1",2,"0","0",2,1,0,0,-1,NA
"339","FF","2","0","1",3,"0","1",0,0,0,0,-1,"SL"
"340","SL","2","0","1",3,"1","1",0,0,0,0,-1,"FF"
"352","SL","7","0","1",4,"1","1",0,0,0,0,-2,"SL"
"355","SL","7","0","1",4,"3","2",0,0,0,0,-2,"SL"
"364","SL","9","0","1",4,"2","2",0,1,0,1,-2,"SL"
"369","FF","3","0","0",4,"1","0",1,1,1,1,-4,"SL"
"372","FF","4","0","1",4,"0","0",2,0,1,1,-4,NA
"375","FF","4","0","1",4,"1","2",2,0,1,1,-4,"FF"
"376","SL","4","0","1",4,"2","2",2,0,1,1,-4,"FF"
"379","SL","5","0","1",5,"1","1",0,0,0,0,-4,"SL"
"383","CU","6","0","1",5,"0","1",1,0,0,0,-4,"SL"
"388","SL","7","0","1",5,"2","2",2,0,0,0,-4,"CU"
"399","FF","1","0","1",6,"1","1",2,0,0,0,-4,"SL"
"403","SL","2","0","1",7,"2","1",0,0,0,0,-4,"FF"
"406","SL","2","0","1",7,"3","2",0,0,0,0,-4,"SL"
"408","FF","3","0","0",7,"1","0",0,1,0,0,-4,"SL"
"409","SL","4","0","1",7,"0","0",0,1,0,0,-6,NA
"414","FF","1","0","0",1,"1","2",0,0,0,0,0,"SL"
"417","FF","2","0","1",1,"1","1",0,0,0,0,0,"FF"
"420","FF","3","0","1",1,"1","1",1,1,0,0,0,"FF"
"423","FF","4","0","1",1,"0","0",2,1,0,0,0,NA
"426","FF","5","0","1",2,"1","1",0,0,0,0,3,"FF"
"427","SL","5","0","1",2,"2","1",0,0,0,0,3,"FF"
"429","FF","5","0","1",2,"3","2",0,0,0,0,3,"SL"
"430","SL","5","0","1",2,"3","2",0,0,0,0,3,"FF"
"435","FF","6","0","0",2,"2","2",1,0,0,0,3,"SL"
"436","SL","7","0","1",2,"0","0",2,0,0,0,3,NA
"438","FF","7","0","1",2,"0","2",2,0,0,0,3,"SL"
"441","FF","8","0","1",3,"1","0",0,0,0,0,3,"FF"
"444","FF","9","0","1",3,"0","0",1,0,0,0,3,NA
"447","FF","9","0","1",3,"1","2",1,0,0,0,3,"FF"
"448","SL","1","0","0",3,"0","0",2,0,0,0,3,NA
"450","FF","2","0","1",4,"0","0",0,0,0,0,2,NA
"453","FF","2","0","1",4,"1","2",0,0,0,0,2,"FF"
"454","SL","3","0","1",4,"0","0",0,0,0,0,2,NA
"456","FF","4","0","1",4,"0","1",0,0,0,0,2,"SL"
"459","FF","5","0","1",4,"0","0",1,1,0,0,2,NA
"465","FF","6","0","0",4,"0","0",2,0,1,0,2,NA
"468","FF","6","0","0",4,"2","1",2,0,1,0,2,"FF"
"471","FF","8","0","1",5,"0","0",0,1,0,0,3,NA
"473","CU","8","0","1",5,"0","2",0,1,0,0,3,"FF"
"474","FF","9","0","1",5,"0","0",1,1,0,0,3,NA
"475","SL","9","0","1",5,"1","0",1,1,0,0,3,"FF"
"476","CU","9","0","1",5,"1","1",1,1,0,0,3,"SL"
"477","FF","9","0","1",5,"1","2",1,1,0,0,3,"CU"
"479","CU","1","0","0",5,"0","1",1,1,0,0,1,"FF"
"483","FF","1","0","0",5,"3","2",1,0,1,0,1,"CU"
"484","SL","1","0","0",5,"3","2",1,0,1,0,1,"FF"
"486","FF","1","0","0",5,"3","2",1,0,1,0,1,"SL"
"489","FF","2","0","1",5,"0","2",2,0,0,0,1,"FF"
"496","SL","4","0","1",6,"1","1",0,0,0,0,3,"FF"
"497","CU","4","0","1",6,"1","2",0,0,0,0,3,"SL"
"498","FF","5","0","1",6,"0","0",0,0,1,0,3,NA
"500","CU","5","0","1",6,"1","1",0,0,1,0,3,"FF"
"501","FF","5","0","1",6,"2","1",0,0,1,0,3,"CU"
"504","FF","6","0","0",6,"1","0",1,1,0,1,3,"FF"
"517","SL","1","0","0",1,"2","1",0,0,0,0,0,"FF"
"519","FF","1","0","0",1,"3","2",0,0,0,0,0,"SL"
"520","SL","1","0","0",1,"3","2",0,0,0,0,0,"FF"
"524","CU","2","0","1",1,"0","1",1,0,0,0,0,"SL"
"530","CU","3","0","1",1,"2","2",2,0,0,0,0,"CU"
"531","FF","4","0","1",2,"0","0",0,0,0,0,0,NA
"534","FF","6","0","0",2,"0","0",2,0,0,0,0,NA
"535","SL","6","0","0",2,"1","0",2,0,0,0,0,"FF"
"540","FF","8","0","0",3,"0","0",0,1,0,0,0,NA
"552","FF","1","0","0",3,"0","0",1,0,1,1,-1,NA
"555","FF","1","0","0",3,"2","1",1,0,1,1,-1,"FF"
"561","FF","3","0","1",3,"1","2",2,1,0,0,-2,"FF"
"565","SL","4","0","1",4,"0","2",0,0,0,0,-2,"FF"
"570","FF","5","0","1",4,"1","0",1,0,0,0,-2,"SL"
"575","CU","6","0","0",4,"2","2",2,0,0,0,-2,"FF"
"576","FF","6","0","0",4,"3","2",2,0,0,0,-2,"CU"
"577","SL","7","0","1",5,"0","0",0,0,0,0,-2,NA
"578","CU","7","0","1",5,"0","1",0,0,0,0,-2,"SL"
"586","SL","8","0","0",5,"0","2",1,0,0,0,-2,"CU"
"588","FF","9","0","1",5,"1","0",2,0,0,0,-2,"SL"
"590","CU","9","0","1",5,"1","2",2,0,0,0,-2,"FF"
"592","SL","1","0","0",6,"0","1",0,0,0,0,-2,"CU"
"594","FF","1","0","0",6,"0","2",0,0,0,0,-2,"SL"
"597","FF","2","0","1",6,"1","0",1,1,0,0,-2,"FF"
"603","FF","2","0","1",6,"3","2",1,1,0,0,-2,"FF"
"606","FF","3","0","1",6,"0","2",2,0,0,0,-2,"FF"
"612","FF","3","0","1",1,"0","0",1,0,0,0,0,NA
"613","SL","3","0","1",1,"1","0",1,0,0,0,0,"FF"
"614","CU","3","0","1",1,"1","1",1,0,0,0,0,"SL"
"615","FF","4","0","1",1,"0","0",1,0,1,0,-1,NA
"618","FF","6","0","0",2,"0","1",0,0,0,0,-1,"FF"
"621","FF","6","0","0",2,"2","2",0,0,0,0,-1,"FF"
"627","FF","8","0","1",2,"1","0",1,0,0,0,-1,"FF"
"630","FF","9","0","1",2,"0","0",2,1,0,0,-1,NA
"632","CU","9","0","1",2,"0","2",2,1,0,0,-1,"FF"
"633","FF","1","0","0",3,"0","0",0,0,0,0,-1,NA
"634","SL","1","0","0",3,"1","0",0,0,0,0,-1,"FF"
"637","SL","1","0","0",3,"2","2",0,0,0,0,-1,"SL"
"643","SL","2","0","1",3,"0","0",0,0,0,0,-1,NA
"645","FF","2","0","1",3,"2","0",0,0,0,0,-1,"SL"
"648","FF","4","0","1",4,"0","0",0,0,0,0,-2,NA
"653","CU","5","0","1",4,"2","2",0,0,0,0,-2,"FF"
"654","FF","6","0","0",4,"0","0",1,0,0,0,-2,NA
"658","SL","6","0","0",4,"2","2",1,0,0,0,-2,"FF"
"660","FF","7","0","1",4,"1","0",2,0,0,0,-2,"SL"
"662","CU","8","0","1",5,"0","1",0,0,0,0,-1,"FF"
"663","FF","8","0","1",5,"0","2",0,0,0,0,-1,"CU"
"666","FF","9","0","1",5,"1","1",0,1,0,0,-1,"FF"
"669","FF","1","0","0",5,"0","0",1,0,1,0,-1,NA
"672","FF","1","0","0",5,"1","2",1,0,1,0,-1,"FF"
"673","SL","1","0","0",5,"1","2",1,0,1,0,-1,"FF"
"679","SL","3","0","1",6,"0","0",0,0,0,0,-1,NA
"680","CU","3","0","1",6,"0","1",0,0,0,0,-1,"SL"
"682","SL","4","0","1",6,"0","0",1,0,0,0,-1,NA
"686","CU","4","0","1",6,"2","2",1,0,0,0,-1,"SL"
"687","FF","5","0","1",6,"0","0",2,0,0,0,-1,NA
"688","SL","6","0","0",7,"0","0",0,0,0,0,-1,NA
"691","SL","6","0","0",7,"2","1",0,0,0,0,-1,"SL"
"693","FF","7","0","1",7,"0","0",1,0,0,0,-1,NA
"696","FF","9","0","1",7,"0","0",2,1,0,0,-1,NA
"698","CU","9","0","1",7,"0","2",2,1,0,0,-1,"FF"
"699","FF","1","0","1",1,"0","0",0,0,0,0,1,NA
"705","FF","2","0","1",1,"0","2",1,0,0,0,1,"FF"
"712","SL","4","0","1",2,"0","0",0,0,0,0,1,NA
"713","CU","4","0","1",2,"0","1",0,0,0,0,1,"SL"
"714","FF","4","0","1",2,"1","1",0,0,0,0,1,"CU"
"717","FF","5","0","1",2,"0","1",1,0,0,0,1,"FF"
"723","FF","8","0","1",3,"0","0",1,0,0,0,1,NA
"726","FF","9","0","1",3,"0","1",1,0,0,0,1,"FF"
"728","CU","1","0","1",3,"0","1",2,0,1,0,1,"FF"
"732","FF","3","0","1",4,"0","1",1,0,0,0,3,"CU"
"733","SL","3","0","1",4,"1","1",1,0,0,0,3,"FF"
"738","FF","5","0","1",5,"0","0",0,0,0,0,3,NA
"739","SL","5","0","1",5,"1","0",0,0,0,0,3,"FF"
"741","FF","6","0","1",5,"1","0",1,0,0,0,3,"SL"
"747","FF","7","0","1",5,"0","1",2,0,0,0,3,"FF"
"748","SL","7","0","1",5,"1","1",2,0,0,0,3,"FF"
"750","FF","7","0","1",5,"1","2",2,0,0,0,3,"SL"
"753","FF","8","0","1",6,"0","1",0,0,0,0,3,"FF"
"756","FF","2","0","1",6,"0","0",1,1,0,0,2,NA
"759","FF","2","0","1",6,"1","2",1,1,0,0,2,"FF"
"766","SL","4","0","1",7,"0","0",0,0,0,0,2,NA
"768","FF","4","0","1",7,"2","0",0,0,0,0,2,"SL"
"770","CU","5","0","1",7,"0","1",1,0,0,0,2,"FF"
"772","SL","5","0","1",7,"2","1",1,0,0,0,2,"CU"
"774","FF","6","0","1",7,"1","0",2,0,0,0,2,"SL"
"777","FF","7","0","1",8,"2","0",0,0,0,0,2,"FF"
"780","FF","8","0","1",8,"0","0",0,0,0,0,1,NA
"786","FF","9","0","0",8,"3","2",0,0,0,0,1,"FF"
"793","SL","1","0","0",1,"2","1",0,0,0,0,0,"FF"
"795","FF","1","0","0",1,"3","2",0,0,0,0,0,"SL"
"803","CU","3","0","1",1,"2","2",2,0,0,0,0,"FF"
"809","CU","6","0","1",2,"1","1",2,0,0,0,1,"CU"
"810","FF","6","0","1",2,"1","2",2,0,0,0,1,"CU"
"811","SL","6","0","1",2,"2","2",2,0,0,0,1,"FF"
"814","SL","7","0","1",3,"1","1",0,0,0,0,1,"SL"
"815","CU","7","0","1",3,"1","2",0,0,0,0,1,"SL"
"816","FF","8","0","1",3,"0","0",0,0,0,0,1,NA
"817","SL","8","0","1",3,"1","0",0,0,0,0,1,"FF"
"819","FF","9","0","0",3,"0","0",1,1,0,0,1,NA
"822","FF","1","0","0",3,"1","0",2,0,1,0,1,"FF"
"825","FF","2","0","1",4,"1","1",0,0,0,0,2,"FF"
"829","SL","3","0","1",4,"0","0",0,1,0,0,2,NA
"830","CU","3","0","1",4,"0","1",0,1,0,0,2,"SL"
"831","FF","3","0","1",4,"1","1",0,1,0,0,2,"CU"
"835","SL","5","0","1",4,"1","0",0,1,0,1,1,"FF"
"837","FF","6","0","1",4,"0","0",0,1,1,0,0,NA
"840","FF","7","0","1",4,"2","0",0,1,0,1,0,"FF"
"843","FF","7","0","1",4,"3","2",0,1,0,1,0,"FF"
"844","SL","7","0","1",4,"3","2",0,1,0,1,0,"FF"
"846","FF","8","0","1",4,"0","0",1,1,1,1,-1,NA
"849","FF","9","0","0",4,"0","2",1,0,1,1,-3,"FF"
"852","FF","9","0","0",4,"2","2",1,0,1,1,-3,"FF"
"854","CU","1","0","0",4,"0","1",2,1,0,0,-3,"FF"
"857","CU","2","0","1",5,"0","1",0,0,0,0,0,"CU"
"861","FF","3","0","1",5,"0","1",1,0,0,0,0,"CU"
"862","SL","3","0","1",5,"0","2",1,0,0,0,0,"FF"
"863","CU","3","0","1",5,"1","2",1,0,0,0,0,"SL"
"877","FF","7","0","1",6,"0","0",0,0,0,0,0,NA
"879","CU","7","0","1",6,"1","1",0,0,0,0,0,"FF"
"886","FF","9","0","1",6,"0","0",0,1,0,0,0,NA
"889","FF","9","0","1",6,"3","0",0,1,0,0,0,"FF"
"892","FF","1","0","0",6,"1","1",1,1,1,0,0,"FF"
"898","FF","2","0","1",6,"3","1",1,1,1,0,0,"FF"
"901","FF","1","0","0",1,"1","0",0,0,0,0,0,"FF"
"902","SL","1","0","0",1,"1","1",0,0,0,0,0,"FF"
"907","FF","2","0","1",1,"3","1",0,0,1,0,0,"SL"
"908","SL","2","0","1",1,"3","2",0,0,1,0,0,"FF"
"910","FF","3","0","1",1,"0","0",0,0,1,0,0,NA
"911","SL","4","0","1",1,"0","0",1,1,0,1,0,NA
"916","FF","5","0","0",1,"1","0",2,1,0,1,0,"SL"
"922","FF","7","0","1",2,"0","0",0,0,0,0,1,NA
"925","FF","7","0","1",2,"2","1",0,0,0,0,1,"FF"
"931","FF","9","0","1",2,"0","1",2,1,0,0,1,"FF"
"935","SL","1","0","0",3,"0","2",0,0,0,0,1,"FF"
"937","FF","1","0","0",3,"2","2",0,0,0,0,1,"SL"
"940","FF","3","0","1",3,"0","0",2,0,0,0,1,NA
"941","SL","3","0","1",3,"0","1",2,0,0,0,1,"FF"
"950","SL","4","0","1",4,"3","2",0,0,0,0,4,"SL"
"952","FF","6","0","1",4,"0","0",2,0,0,0,4,NA
"954","CU","6","0","1",4,"1","1",2,0,0,0,4,"FF"
"957","CU","7","0","1",5,"0","1",0,0,0,0,5,"CU"
"961","FF","8","0","1",5,"0","0",0,0,0,0,5,NA
"967","FF","8","0","1",5,"3","2",0,0,0,0,5,"FF"
"971","SL","1","0","0",5,"1","1",2,1,0,0,5,"FF"
"976","FF","2","0","0",6,"0","1",0,0,0,0,6,"SL"
"979","FF","3","0","1",6,"1","1",1,0,0,0,6,"FF"
"988","FF","5","0","0",7,"0","0",0,0,0,0,6,NA
"989","SL","5","0","0",7,"0","1",0,0,0,0,6,"FF"
"1003","FF","8","0","1",7,"0","0",1,0,1,0,5,NA
"1006","FF","9","0","1",7,"2","0",1,1,0,0,5,"FF"
"1008","CU","9","0","1",7,"2","2",1,1,0,0,5,"FF"
"1009","FF","9","0","1",7,"3","2",1,1,0,0,5,"CU"
"1012","FF","1","0","0",1,"1","1",0,0,0,0,0,"FF"
"1013","SL","1","0","0",1,"1","2",0,0,0,0,0,"FF"
"1018","FF","3","0","1",1,"0","0",2,1,0,0,0,NA
"1030","FF","6","0","1",2,"0","1",2,0,0,0,0,"FF"
"1033","FF","8","0","1",3,"0","0",1,0,0,0,0,NA
"1036","FF","1","0","0",3,"0","0",1,0,0,0,-1,NA
"1037","SL","1","0","0",3,"0","1",1,0,0,0,-1,"FF"
"1041","CU","3","0","1",4,"1","1",0,0,0,0,-1,"SL"
"1042","FF","3","0","1",4,"2","1",0,0,0,0,-1,"CU"
"1045","FF","4","0","1",4,"1","0",0,0,1,0,-1,"FF"
"1046","SL","4","0","1",4,"1","1",0,0,1,0,-1,"FF"
"1049","SL","4","0","1",4,"2","2",0,0,1,0,-1,"SL"
"1051","FF","5","0","1",4,"1","0",0,0,1,0,-2,"SL"
"1058","SL","8","0","1",4,"0","1",2,1,1,0,-2,"FF"
"1061","SL","8","0","1",4,"1","2",2,1,1,0,-2,"SL"
"1070","SL","2","0","1",5,"1","0",1,1,0,0,-2,"SL"
"1072","FF","3","0","1",5,"0","0",2,1,0,0,-2,NA
"1079","SL","4","0","1",6,"2","2",0,0,0,0,-2,"FF"
"1087","FF","6","0","1",6,"1","0",2,0,0,0,-2,"SL"
"1088","SL","7","0","0",7,"0","0",0,0,0,0,-2,NA
"1095","CU","9","0","1",7,"1","1",1,0,0,0,-2,"SL"
"1099","FF","1","0","0",7,"0","1",2,1,0,0,-2,"CU"
"1100","SL","1","0","0",7,"1","1",2,1,0,0,-2,"FF"
"1102","FF","3","0","1",8,"0","0",0,0,0,0,-2,NA
"1103","SL","4","0","1",8,"0","0",0,1,0,0,-2,NA
"1105","FF","4","0","1",8,"1","1",0,1,0,0,-2,"SL"
"1111","FF","1","0","0",1,"0","2",0,0,0,0,0,"FF"
"1115","SL","2","0","1",1,"1","1",1,0,0,0,0,"FF"
"1127","SL","5","0","1",2,"1","0",1,0,0,0,0,"SL"
"1129","FF","5","0","1",2,"2","1",1,0,0,0,0,"SL"
"1132","FF","6","0","1",2,"1","0",2,0,0,0,0,"FF"
"1140","CU","8","0","1",3,"1","2",1,0,0,0,0,"FF"
"1141","FF","8","0","1",3,"2","2",1,0,0,0,0,"CU"
"1144","FF","1","0","0",4,"0","0",0,0,0,0,0,NA
"1147","FF","2","0","1",4,"1","0",1,0,0,0,0,"FF"
"1149","CU","3","0","0",4,"0","0",2,0,0,0,0,NA
"1151","SL","3","0","0",4,"1","1",2,0,0,0,0,"CU"
"1153","FF","3","0","0",4,"3","1",2,0,0,0,0,"SL"
"1156","FF","4","0","0",5,"0","0",0,0,0,0,6,NA
"1159","FF","4","0","0",5,"2","1",0,0,0,0,6,"FF"
"1162","FF","5","0","1",5,"2","0",0,1,0,0,6,"FF"
"1166","SL","6","0","1",5,"0","2",0,1,0,0,6,"FF"
"1168","FF","7","0","1",5,"0","0",1,1,1,0,6,NA
"1171","FF","7","0","1",5,"2","1",1,1,1,0,6,"FF"
"1173","CU","8","0","1",5,"0","1",2,0,1,1,6,"FF"
"1177","FF","9","0","0",6,"0","1",0,0,0,0,8,"CU"
"1180","FF","1","0","0",6,"0","0",1,0,0,0,8,NA
"1187","SL","2","0","1",6,"0","2",1,0,0,0,8,"FF"
"1189","FF","3","0","0",6,"0","0",2,1,0,0,8,NA
"1191","CU","3","0","0",6,"1","1",2,1,0,0,8,"FF"
"1196","SL","4","0","0",7,"0","2",0,0,0,0,8,"CU"
"1198","FF","5","0","1",7,"0","0",0,0,1,0,8,NA
"1204","FF","6","0","1",7,"0","1",1,0,0,1,8,"FF"
"1210","FF","1","0","0",1,"0","0",0,0,0,0,0,NA
"1213","FF","2","0","1",1,"0","0",0,0,0,0,0,NA
"1214","SL","2","0","1",1,"1","0",0,0,0,0,0,"FF"
"1215","CU","2","0","1",1,"1","1",0,0,0,0,0,"SL"
"1216","FF","2","0","1",1,"1","2",0,0,0,0,0,"CU"
"1219","FF","2","0","1",1,"1","2",0,0,0,0,0,"FF"
"1222","FF","3","0","1",1,"0","0",1,1,0,0,0,NA
"1223","SL","3","0","1",1,"1","0",1,1,0,0,0,"FF"
"1225","FF","4","0","1",1,"1","0",2,1,0,0,0,"SL"
"1230","CU","5","0","1",2,"0","2",0,0,0,0,2,"FF"
"1231","FF","6","0","1",2,"0","0",1,0,0,0,2,NA
"1234","FF","8","0","1",2,"1","0",2,1,0,0,2,"FF"
"1237","FF","9","0","1",3,"0","1",0,0,0,0,2,"FF"
"1239","CU","1","0","0",3,"0","1",1,0,0,0,2,"FF"
"1240","FF","1","0","0",3,"0","2",1,0,0,0,2,"CU"
"1244","SL","2","0","1",3,"0","1",2,0,0,0,2,"FF"
"1245","CU","2","0","1",3,"0","2",2,0,0,0,2,"SL"
"1253","SL","4","0","1",4,"1","0",0,1,0,0,0,"CU"
"1255","FF","4","0","1",4,"3","0",0,1,0,0,0,"SL"
"1261","FF","5","0","1",4,"3","1",0,0,0,0,0,"FF"
"1262","SL","5","0","1",4,"3","2",0,0,0,0,0,"FF"
"1269","CU","8","0","1",5,"1","2",0,0,0,0,0,"SL"
"1270","FF","9","0","1",5,"0","0",1,0,0,0,0,NA
"1276","FF","2","0","1",6,"0","0",0,0,0,0,6,NA
"1282","FF","3","0","1",6,"3","0",0,0,0,0,6,"FF"
"1289","SL","4","0","1",6,"3","2",1,1,0,0,6,"FF"
"1291","FF","5","0","1",6,"0","1",2,1,0,0,6,"SL"
"1297","FF","8","0","1",7,"0","0",1,1,0,0,6,NA
"1298","SL","8","0","1",7,"1","0",1,1,0,0,6,"FF"
"1302","CU","9","0","1",7,"0","2",2,0,1,0,6,"SL"
"1303","FF","1","0","1",1,"0","0",0,0,0,0,0,NA
"1306","FF","1","0","1",1,"1","2",0,0,0,0,0,"FF"
"1312","FF","2","0","0",1,"0","2",0,0,0,0,0,"FF"
"1315","FF","2","0","0",1,"1","2",0,0,0,0,0,"FF"
"1327","FF","6","0","1",2,"0","0",1,1,0,0,0,NA
"1330","FF","6","0","1",2,"1","2",1,1,0,0,0,"FF"
"1333","FF","7","0","1",2,"0","2",2,1,0,0,0,"FF"
"1351","FF","3","0","1",4,"2","1",0,0,0,0,0,"FF"
"1357","FF","5","0","1",4,"0","0",2,1,0,0,0,NA
"1365","CU","7","0","1",5,"0","1",0,0,0,0,0,"FF"
"1369","FF","8","0","1",5,"0","0",1,1,0,0,0,NA
"1372","FF","8","0","1",5,"1","2",1,1,0,0,0,"FF"
"1375","FF","9","0","0",5,"0","0",2,1,0,0,0,NA
"1377","CU","1","0","1",6,"0","1",0,0,0,0,0,"FF"
"1381","FF","2","0","0",6,"2","0",1,0,0,0,0,"CU"
"1385","SL","3","0","1",6,"0","1",2,0,0,0,0,"FF"
"1387","FF","3","0","1",6,"0","2",2,0,0,0,0,"SL"
"1411","FF","2","0","1",1,"0","0",1,0,0,0,0,NA
"1414","FF","2","0","1",1,"2","1",1,0,0,0,0,"FF"
"1420","FF","4","0","1",1,"0","0",1,1,0,0,0,NA
"1421","SL","4","0","1",1,"1","0",1,1,0,0,0,"FF"
"1423","FF","4","0","1",1,"2","1",1,1,0,0,0,"SL"
"1426","FF","5","0","1",1,"0","1",2,1,1,0,0,"FF"
"1428","CU","5","0","1",1,"1","2",2,1,1,0,0,"FF"
"1433","SL","6","0","1",2,"2","1",0,0,0,0,0,"CU"
"1438","FF","7","0","1",2,"1","2",1,0,0,0,0,"SL"
"1444","FF","9","0","1",2,"1","1",2,1,0,0,0,"FF"
"1450","FF","1","0","1",3,"1","2",0,0,0,0,1,"FF"
"1454","SL","3","0","1",3,"1","0",1,0,0,0,1,"FF"
"1455","CU","3","0","1",3,"1","1",1,0,0,0,1,"SL"
"1464","CU","4","0","1",3,"2","2",2,0,1,0,1,"CU"
"1465","FF","5","0","1",4,"0","0",0,0,0,0,2,NA
"1470","CU","6","0","1",4,"0","1",0,1,0,0,2,"FF"
"1471","FF","6","0","1",4,"0","2",0,1,0,0,2,"CU"
"1474","FF","7","0","1",4,"0","0",1,1,0,0,2,NA
"1485","CU","1","0","1",5,"0","1",1,0,0,0,2,"FF"
"1486","FF","1","0","1",5,"1","1",1,0,0,0,2,"CU"
"1490","SL","2","0","1",5,"0","0",2,0,0,0,2,NA
"1491","CU","2","0","1",5,"0","1",2,0,0,0,2,"SL"
"1492","FF","2","0","1",5,"1","1",2,0,0,0,2,"CU"
"1516","FF","7","0","1",7,"1","2",0,0,0,0,2,"FF"
"1519","FF","8","0","1",7,"0","0",0,0,0,0,1,NA
"1522","FF","9","0","0",7,"0","0",1,0,0,0,1,NA
"1527","CU","1","0","0",1,"0","1",0,0,0,0,0,"FF"
"1531","FF","2","0","1",1,"0","0",1,0,0,0,0,NA
"1532","SL","2","0","1",1,"1","0",1,0,0,0,0,"FF"
"1540","FF","3","0","0",1,"2","0",2,0,0,0,0,"SL"
"1549","FF","5","0","1",2,"0","0",0,0,1,0,0,NA
"1553","SL","6","0","0",2,"1","1",0,1,0,1,-1,"FF"
"1555","FF","6","0","0",2,"3","1",0,1,0,1,-1,"SL"
"1558","FF","7","0","1",2,"2","0",1,1,0,0,-1,"FF"
"1560","CU","7","0","1",2,"2","2",1,1,0,0,-1,"FF"
"1561","FF","8","0","0",2,"0","0",2,1,0,0,-1,NA
"1570","FF","1","0","0",3,"3","0",0,1,0,0,-1,"FF"
"1573","FF","2","0","1",3,"0","0",1,1,0,0,-1,NA
"1576","FF","3","0","0",3,"0","0",1,1,0,0,-3,NA
"1579","FF","4","0","0",3,"0","0",2,0,0,0,-3,NA
"1585","FF","6","0","0",4,"2","0",0,1,0,0,-4,"FF"
"1591","FF","7","0","1",4,"0","0",1,1,0,0,-4,NA
"1594","FF","7","0","1",4,"1","2",1,0,0,0,-4,"FF"
"1598","SL","8","0","0",4,"0","1",2,0,0,0,-4,"FF"
"1606","FF","1","0","0",5,"0","0",1,0,0,0,-4,NA
"1621","FF","3","0","0",6,"2","1",0,0,0,0,-4,"FF"
"1623","CU","4","0","0",6,"0","0",1,0,0,0,-4,NA
"1626","CU","5","0","1",6,"1","1",1,0,0,0,-4,"CU"
"1630","FF","6","0","0",6,"1","0",2,1,0,0,-4,"CU"
"1633","FF","1","0","1",1,"0","0",0,0,0,0,0,NA
"1642","FF","3","0","1",1,"0","0",1,1,0,0,0,NA
"1645","FF","3","0","1",1,"1","2",1,1,0,0,0,"FF"
"1651","FF","4","0","1",1,"1","0",2,1,0,0,0,"FF"
"1657","FF","5","0","1",2,"3","2",0,0,0,0,0,"FF"
"1658","SL","5","0","1",2,"3","2",0,0,0,0,0,"FF"
"1660","FF","7","0","1",2,"0","0",1,1,0,0,0,NA
"1663","FF","7","0","1",2,"2","1",1,1,0,0,0,"FF"
"1666","FF","8","0","0",2,"0","0",2,1,0,0,0,NA
"1669","FF","8","0","0",2,"1","2",2,1,0,0,0,"FF"
"1671","CU","9","0","1",3,"0","1",0,0,0,0,1,"FF"
"1678","FF","1","0","1",3,"2","0",0,0,0,0,1,"CU"
"1681","FF","3","0","1",3,"0","0",1,1,0,0,-1,NA
"1699","FF","8","0","1",5,"0","0",0,0,0,0,-1,NA
"1705","FF","9","0","1",5,"1","0",1,0,0,0,-1,"FF"
"1708","FF","1","0","0",5,"0","1",2,0,0,0,-1,"FF"
"1711","FF","1","0","0",5,"2","2",2,0,0,0,-1,"FF"
"1712","SL","2","0","0",6,"0","0",0,0,0,0,-1,NA
"1717","FF","3","0","1",6,"3","1",0,0,0,0,-1,"SL"
"1719","CU","4","0","1",6,"0","1",1,1,0,0,-1,"FF"
"1720","FF","4","0","1",6,"1","1",1,1,0,0,-1,"CU"
"1723","FF","6","0","1",7,"0","0",0,0,0,0,-2,NA
"1726","FF","7","0","1",7,"0","0",0,0,0,0,-2,NA
"1732","FF","8","0","1",7,"0","1",1,0,0,0,-2,"FF"
"1738","FF","1","0","0",1,"0","0",0,0,0,0,1,NA
"1744","FF","3","0","1",1,"0","1",0,1,0,0,0,"FF"
"1745","SL","4","0","1",1,"0","0",1,0,0,1,-1,NA
"1747","FF","4","0","1",1,"1","1",1,0,0,0,-1,"SL"
"1750","FF","5","0","1",1,"0","0",2,0,0,0,-1,NA
"1753","FF","6","0","1",2,"0","0",0,0,0,0,-1,NA
"1756","FF","7","0","0",2,"0","0",0,0,1,0,-1,NA
"1759","FF","7","0","0",2,"2","1",0,0,1,0,-1,"FF"
"1760","SL","7","0","0",2,"2","2",0,0,1,0,-1,"FF"
"1762","FF","8","0","1",2,"0","0",1,0,1,0,-1,NA
"1765","FF","1","0","0",2,"0","0",2,1,0,0,-2,NA
"1769","SL","2","0","0",3,"1","0",0,0,0,0,-2,"FF"
"1771","FF","3","0","0",3,"1","0",0,0,0,0,-2,"SL"
"1774","FF","4","0","1",3,"0","0",2,1,0,0,-2,NA
"1776","CU","4","0","1",3,"1","1",2,1,0,0,-2,"FF"
"1780","FF","5","0","1",4,"0","2",0,0,0,0,-1,"CU"
"1783","FF","6","0","1",4,"0","0",1,0,0,0,-1,NA
"1786","FF","7","0","1",4,"0","0",2,0,0,0,-1,NA
"1787","SL","7","0","1",4,"1","0",2,0,0,0,-1,"FF"
"1793","SL","8","0","0",5,"1","2",0,0,0,0,-1,"SL"
"1795","FF","9","0","1",5,"0","0",1,0,0,0,-1,NA
"1798","FF","1","0","1",5,"2","0",2,0,0,0,-1,"FF"
"1804","FF","2","0","0",6,"1","1",0,0,0,0,-1,"FF"
"1807","FF","3","0","0",6,"0","0",0,0,1,0,-1,NA
"1816","FF","5","0","1",6,"0","2",1,1,0,1,-1,"FF"
"1817","SL","5","0","1",6,"1","2",1,1,0,1,-1,"FF"
"1822","FF","6","0","1",6,"2","2",2,1,0,1,-1,"SL"
"1823","SL","6","0","1",6,"3","2",2,1,0,1,-1,"FF"
"1827","CU","7","0","1",7,"0","1",0,0,0,0,-1,"SL"
"1828","FF","7","0","1",7,"0","2",0,0,0,0,-1,"CU"
"1832","SL","9","0","1",7,"1","1",1,0,1,0,-1,"FF"
"1835","SL","1","0","1",7,"0","0",2,0,0,1,-1,NA
"1843","FF","1","0","0",1,"3","1",0,0,0,0,0,"SL"
"1846","FF","2","0","1",1,"1","1",0,1,0,0,0,"FF"
"1849","FF","4","0","1",1,"0","0",1,0,1,0,0,NA
"1852","FF","4","0","1",1,"2","1",1,0,1,0,0,"FF"
"1855","FF","5","0","0",1,"1","0",2,1,1,0,0,"FF"
"1864","FF","9","0","0",2,"0","0",2,1,0,0,0,NA
"1867","FF","9","0","0",2,"2","1",2,1,0,0,0,"FF"
"1870","FF","9","0","0",2,"3","2",2,1,0,0,0,"FF"
"1871","SL","1","0","0",3,"0","0",0,0,0,0,1,NA
"1872","CU","1","0","0",3,"0","1",0,0,0,0,1,"SL"
"1891","FF","7","0","1",4,"0","1",1,1,0,0,0,"CU"
"1894","FF","8","0","1",4,"1","1",1,1,0,0,0,"FF"
"1897","FF","9","0","0",4,"1","1",2,1,1,0,0,"FF"
"1904","SL","1","0","0",5,"1","1",0,0,0,0,0,"FF"
"1915","FF","3","0","0",5,"3","1",2,0,0,0,0,"SL"
"1920","CU","4","0","1",6,"1","2",0,0,0,0,0,"FF"
"1924","FF","5","0","0",6,"1","2",1,0,0,0,0,"CU"
"1931","SL","8","0","1",7,"0","0",0,0,0,0,0,NA
"1939","FF","1","0","0",7,"2","1",2,0,0,0,0,"SL"
"1948","FF","3","0","1",1,"0","1",1,1,0,0,0,"FF"
"1951","FF","4","0","1",1,"2","0",2,1,0,0,0,"FF"
"1953","CU","5","0","1",2,"0","1",0,0,0,0,0,"FF"
"1954","FF","5","0","1",2,"0","2",0,0,0,0,0,"CU"
"1957","FF","8","0","0",2,"0","0",1,1,1,0,0,NA
"1960","FF","8","0","0",2,"1","2",1,1,1,0,0,"FF"
"1961","SL","8","0","0",2,"1","2",1,1,1,0,0,"FF"
"1963","FF","9","0","0",2,"0","0",2,1,1,0,0,NA
"1966","FF","9","0","0",2,"1","2",2,1,1,0,0,"FF"
"1972","FF","2","0","0",3,"0","1",1,0,0,0,2,"FF"
"1976","SL","3","0","1",3,"0","0",2,0,0,0,2,NA
"1978","FF","4","0","1",4,"0","0",0,0,0,0,5,NA
"1984","FF","5","0","1",4,"0","0",1,0,0,0,5,NA
"1987","FF","5","0","1",4,"1","2",1,0,0,0,5,"FF"
"1991","SL","6","0","1",4,"1","2",2,0,0,0,5,"FF"
"1999","FF","9","0","0",5,"0","0",1,0,1,0,5,NA
"2005","FF","2","0","0",6,"1","1",0,0,0,0,5,"FF"
"2008","FF","4","0","1",6,"0","0",0,1,0,0,5,NA
"2014","FF","6","0","1",6,"0","0",2,0,1,1,5,NA
"2017","FF","6","0","1",6,"2","1",2,0,1,1,5,"FF"
"2020","FF","8","0","0",7,"0","0",0,1,0,0,5,NA
"2023","FF","9","0","0",7,"0","0",0,1,1,0,5,NA
"2050","FF","7","0","1",9,"0","0",0,0,1,0,5,NA
"2053","FF","7","0","1",9,"0","2",0,0,1,0,5,"FF"
"2056","FF","8","0","0",9,"0","0",1,0,0,1,5,NA
"2059","FF","8","0","0",9,"0","2",1,0,0,1,5,"FF"
"2062","FF","9","0","1",9,"0","2",2,0,0,1,5,"FF"
"2068","FF","3","0","1",5,"0","0",1,1,0,0,0,NA
"2080","FF","5","0","0",5,"0","2",1,1,1,0,1,"FF"
"2083","FF","7","0","0",5,"0","1",2,0,1,1,2,"FF"
"2085","CU","7","0","0",5,"1","2",2,0,1,1,2,"FF"
"2087","SL","1","0","1",1,"0","1",0,0,0,0,0,"CU"
"2092","FF","3","0","0",1,"0","0",2,0,0,0,0,NA
"2095","FF","3","0","0",1,"0","2",2,0,0,0,0,"FF"
"2105","SL","6","0","1",2,"0","2",1,1,0,0,1,"FF"
"2116","FF","9","0","0",3,"0","1",0,0,0,0,1,"SL"
"2129","SL","4","0","1",4,"0","0",1,0,0,0,1,NA
"2131","FF","4","0","1",4,"0","2",1,0,0,0,1,"SL"
"2143","FF","7","0","1",5,"0","0",1,0,0,0,4,NA
"2146","FF","8","0","1",5,"0","0",2,0,0,0,4,NA
"2155","FF","2","0","1",6,"0","0",1,0,0,0,4,NA
"2167","SL","4","0","1",7,"1","2",0,0,0,0,4,"FF"
"2172","FF","5","0","0",7,"1","2",1,0,0,0,4,"SL"
"2175","FF","7","0","1",8,"0","0",0,0,0,0,4,NA
"2178","FF","7","0","1",8,"1","2",0,0,0,0,4,"FF"
"2187","FF","1","0","0",1,"0","0",0,0,0,0,0,NA
"2188","SL","1","0","0",1,"0","1",0,0,0,0,0,"FF"
"2196","FF","3","0","1",1,"0","0",2,0,0,0,0,NA
"2202","FF","5","0","1",2,"0","0",1,0,0,0,0,NA
"2204","CU","6","0","0",2,"0","1",2,0,0,0,0,"FF"
"2208","FF","7","0","1",3,"0","0",0,0,0,0,1,NA
"2214","FF","8","0","1",3,"3","2",1,0,0,0,1,"FF"
"2217","FF","1","0","0",4,"0","0",0,0,0,0,1,NA
"2224","SL","2","0","1",4,"1","0",1,0,0,0,1,"FF"
"2226","FF","2","0","1",4,"1","2",1,0,0,0,1,"SL"
"2228","CU","3","0","1",4,"0","1",2,0,0,0,1,"FF"
"2229","FF","3","0","1",4,"0","2",2,0,0,0,1,"CU"
"2234","CU","5","0","1",5,"1","2",1,0,0,0,1,"FF"
"2235","FF","6","0","0",5,"0","0",2,0,0,0,1,NA
"2242","SL","7","0","1",6,"0","2",0,0,0,0,1,"FF"
"2244","FF","8","0","1",6,"0","0",1,0,0,0,1,NA
"2247","FF","9","0","1",6,"0","1",2,0,0,0,1,"FF"
"2251","SL","1","0","0",7,"0","2",0,0,0,0,1,"FF"
"2258","CU","2","0","1",7,"2","2",0,1,0,0,1,"SL"
"2259","FF","3","0","1",7,"0","0",0,1,0,0,1,NA
"2262","FF","4","0","1",7,"0","0",1,1,1,0,1,NA
"2266","SL","5","0","1",7,"0","0",2,1,1,0,1,NA
"2267","CU","5","0","1",7,"0","1",2,1,1,0,1,"SL"
"2274","FF","8","0","1",8,"0","0",2,0,0,0,1,NA
"2275","SL","8","0","1",8,"0","1",2,0,0,0,1,"FF"
"2277","FF","8","0","1",8,"1","2",2,0,0,0,1,"SL"
"2293","SL","1","0","1",1,"1","1",0,0,0,0,0,"FF"
"2296","SL","2","0","1",1,"1","1",1,0,0,0,0,"SL"
"2302","SL","3","0","1",1,"1","1",2,0,0,0,0,"SL"
"2304","FF","4","0","1",2,"0","0",0,0,0,0,0,NA
"2306","CU","4","0","1",2,"1","1",0,0,0,0,0,"FF"
"2307","FF","4","0","1",2,"1","2",0,0,0,0,0,"CU"
"2310","FF","4","0","1",2,"2","2",0,0,0,0,0,"FF"
"2322","FF","7","0","0",2,"0","0",2,1,0,0,0,NA
"2323","SL","7","0","0",2,"0","1",2,1,0,0,0,"FF"
"2331","FF","8","0","1",3,"3","2",0,0,0,0,0,"SL"
"2337","FF","1","0","1",3,"1","0",2,0,0,0,0,"FF"
"2346","FF","3","0","1",4,"2","1",0,1,0,0,0,"FF"
"2348","CU","4","0","1",4,"0","1",1,1,0,0,0,"FF"
"2350","SL","4","0","1",4,"1","2",1,1,0,0,0,"CU"
"2351","CU","4","0","1",4,"2","2",1,1,0,0,0,"SL"
"2352","FF","5","0","1",4,"0","0",2,1,0,0,0,NA
"2355","FF","5","0","1",4,"1","2",2,1,0,0,0,"FF"
"2367","FF","9","0","0",6,"1","1",0,0,0,0,0,"FF"
"2370","FF","1","0","1",6,"1","0",1,0,0,0,0,"FF"
"2379","FF","3","0","1",7,"0","0",0,0,0,0,3,NA
"2385","FF","4","0","1",7,"0","1",1,0,0,0,3,"FF"
"2388","FF","4","0","1",7,"0","2",1,0,0,0,3,"FF"
"2389","SL","5","0","1",7,"0","0",2,0,0,0,3,NA
"2404","SL","8","0","1",8,"1","1",2,0,0,0,3,"SL"
"2406","FF","1","0","0",1,"0","0",0,0,0,0,-1,NA
"2408","CU","2","0","1",1,"0","1",0,0,0,0,-1,"FF"
"2409","FF","3","0","1",1,"0","0",0,0,0,0,-1,NA
"2418","FF","5","0","1",2,"0","0",0,0,0,0,-1,NA
"2424","FF","7","0","1",2,"1","0",2,0,0,0,-1,"FF"
"2427","FF","9","0","1",3,"0","1",0,1,0,0,1,"FF"
"2431","SL","2","0","1",3,"0","0",2,0,1,0,1,NA
"2436","FF","3","0","1",4,"1","2",0,0,0,0,1,"SL"
"2437","SL","3","0","1",4,"2","2",0,0,0,0,1,"FF"
"2442","FF","4","0","1",4,"2","1",0,1,0,0,1,"SL"
"2448","FF","6","0","1",4,"0","0",0,1,1,1,1,NA
"2451","FF","6","0","1",4,"1","2",0,1,1,1,1,"FF"
"2457","FF","7","0","1",4,"2","2",1,1,1,1,1,"FF"
"2463","FF","8","0","1",4,"2","0",1,1,1,1,0,"FF"
"2466","FF","8","0","1",4,"3","2",1,1,1,1,0,"FF"
"2474","CU","2","0","1",5,"1","2",0,0,0,0,1,"FF"
"2478","FF","4","0","1",5,"0","0",0,0,1,0,-1,NA
"2479","SL","4","0","1",5,"0","1",0,0,1,0,-1,"FF"
"2493","FF","8","0","1",6,"0","0",1,0,0,0,-1,NA
"2505","FF","2","0","1",1,"0","0",1,0,0,0,0,NA
"2514","FF","3","0","0",1,"3","2",2,0,0,0,0,"FF"
"2520","FF","4","0","1",2,"2","2",0,0,0,0,0,"FF"
"2532","FF","7","0","1",3,"0","0",0,0,0,0,0,NA
"2535","FF","7","0","1",3,"2","1",0,0,0,0,0,"FF"
"2538","FF","8","0","1",3,"0","0",1,0,0,0,0,NA
"2545","SL","1","0","1",4,"0","0",0,0,0,0,1,NA
"2547","FF","1","0","1",4,"1","1",0,0,0,0,1,"SL"
"2550","FF","2","0","1",4,"0","2",1,0,0,0,1,"FF"
"2553","FF","3","0","0",4,"0","1",2,0,0,0,1,"FF"
"2563","SL","6","0","1",5,"1","1",2,0,0,0,1,"FF"
"2565","FF","7","0","1",6,"0","0",0,0,0,0,1,NA
"2568","FF","7","0","1",6,"1","2",0,0,0,0,1,"FF"
"2571","FF","9","0","1",6,"0","0",1,0,1,0,1,NA
"2580","FF","3","0","0",7,"1","1",0,1,0,0,1,"FF"
"2583","FF","4","0","1",7,"0","0",1,1,0,0,1,NA
"2587","SL","4","0","1",7,"2","2",1,1,0,0,1,"FF"
"2589","FF","5","0","1",7,"1","0",2,1,0,0,1,"SL"
"2593","SL","5","0","1",7,"3","2",2,1,0,0,1,"FF"
"2598","FF","7","0","1",8,"0","0",1,0,0,0,1,NA
"2622","FF","7","0","0",2,"1","0",0,1,1,0,0,"FF"
"2631","FF","9","0","0",2,"0","1",2,0,0,1,-1,"FF"
"2638","SL","2","0","0",3,"0","1",1,0,0,0,-1,"FF"
"2643","FF","3","0","1",3,"1","2",1,0,0,0,-1,"SL"
"2650","SL","5","0","1",4,"0","0",0,0,0,0,-1,NA
"2651","CU","5","0","1",4,"0","1",0,0,0,0,-1,"SL"
"2659","SL","7","0","0",4,"1","2",1,0,0,0,-1,"CU"
"2665","SL","1","0","1",5,"0","0",1,0,0,0,0,NA
"2667","FF","2","0","0",5,"0","1",2,0,0,0,0,"SL"
"2669","CU","2","0","0",5,"1","2",2,0,0,0,0,"FF"
"2684","CU","4","0","1",6,"2","2",1,0,0,0,0,"CU"
"2688","FF","5","0","1",6,"3","0",1,0,0,0,0,"CU"
"2691","FF","6","0","1",6,"0","1",2,1,0,0,0,"FF"
"2711","CU","1","0","1",7,"2","2",1,1,1,0,0,"FF"
"2731","SL","5","0","1",2,"0","0",0,0,0,0,1,NA
"2737","SL","6","0","1",2,"2","1",1,0,0,0,1,"SL"
"2738","CU","6","0","1",2,"2","2",1,0,0,0,1,"SL"
"2751","FF","2","0","1",3,"0","0",2,1,0,0,1,NA
"2761","SL","4","0","1",4,"2","2",1,0,0,0,1,"FF"
"2789","CU","3","0","1",6,"1","1",0,0,1,0,2,"SL"
"2794","SL","6","0","1",6,"0","0",2,1,0,1,1,NA
"2795","CU","6","0","1",6,"0","1",2,1,0,1,1,"SL"
"2796","FF","6","0","1",6,"1","1",2,1,0,1,1,"CU"
"2805","FF","8","0","1",7,"3","0",0,0,1,0,1,"FF"
"2806","SL","8","0","1",7,"3","1",0,0,1,0,1,"FF"
"2809","SL","9","0","1",7,"1","0",1,0,1,0,1,"SL"
"2811","FF","9","0","1",7,"3","0",1,0,1,0,1,"SL"
"2832","FF","2","0","1",1,"0","0",1,0,0,0,0,NA
"2835","FF","2","0","1",1,"1","2",1,0,0,0,0,"FF"
"2836","SL","2","0","1",1,"2","2",1,0,0,0,0,"FF"
"2838","FF","3","0","1",1,"0","0",2,0,0,0,0,NA
"2841","FF","3","0","1",1,"1","2",2,0,0,0,0,"FF"
"2859","FF","1","0","1",3,"0","0",1,0,0,0,0,NA
"2866","SL","3","0","1",4,"1","1",0,0,0,0,1,"FF"
"2868","FF","4","0","0",4,"0","0",0,0,0,0,0,NA
"2874","FF","5","0","1",4,"0","0",1,0,0,0,0,NA
"2875","SL","5","0","1",4,"0","1",1,0,0,0,0,"FF"
"2880","FF","6","0","1",4,"2","0",2,0,0,0,0,"SL"
"2889","FF","8","0","1",5,"1","1",1,0,0,0,0,"FF"
"2897","CU","1","0","1",6,"1","1",0,0,0,0,0,"FF"
"2903","CU","2","0","1",6,"1","2",1,0,0,0,0,"CU"
"2908","SL","3","0","1",6,"0","0",2,0,0,0,0,NA
"2910","FF","3","0","1",6,"1","1",2,0,0,0,0,"SL"
"2925","FF","6","0","1",7,"3","1",1,0,0,0,3,"FF"
"2926","SL","6","0","1",7,"3","2",1,0,0,0,3,"FF"
"2928","FF","7","0","0",7,"0","0",2,1,0,0,3,NA
"2935","SL","1","0","1",8,"0","1",2,0,0,0,3,"FF"
"2946","FF","2","0","0",1,"0","2",1,0,0,0,0,"SL"
"2947","SL","2","0","0",1,"0","2",1,0,0,0,0,"FF"
"2956","SL","5","0","1",2,"2","2",1,0,0,0,0,"SL"
"2958","FF","6","0","0",2,"0","0",2,0,0,0,0,NA
"2962","SL","6","0","0",2,"2","2",2,0,0,0,0,"FF"
"2964","FF","7","0","1",3,"1","0",0,0,0,0,1,"SL"
"2973","FF","1","0","1",4,"0","1",0,0,0,0,1,"FF"
"2974","SL","1","0","1",4,"0","2",0,0,0,0,1,"FF"
"2976","FF","2","0","0",4,"0","1",1,0,0,0,1,"SL"
"2977","SL","2","0","0",4,"1","1",1,0,0,0,1,"FF"
"2980","SL","3","0","1",4,"0","0",2,0,0,0,1,NA
"2991","FF","6","0","0",5,"0","2",2,0,0,0,1,"SL"
"2993","CU","7","0","1",6,"0","1",0,0,0,0,1,"FF"
"2997","FF","7","0","1",6,"2","2",0,0,0,0,1,"CU"
"3000","FF","8","0","1",6,"0","1",0,1,0,0,1,"FF"
"3001","SL","8","0","1",6,"0","2",0,1,0,0,1,"FF"
"3012","FF","3","0","0",7,"1","2",0,0,0,0,1,"SL"
"3019","SL","5","0","1",7,"0","0",1,0,0,0,1,NA
"3021","FF","5","0","1",7,"1","1",1,0,0,0,1,"SL"
"3024","FF","6","0","1",7,"0","1",2,1,0,0,1,"FF"
"3025","SL","6","0","1",7,"1","1",2,1,0,0,1,"FF"
"3030","FF","7","0","0",8,"1","1",0,0,0,0,1,"SL"
"3033","FF","8","0","1",8,"0","1",1,0,0,0,1,"FF"
"3034","SL","8","0","1",8,"0","2",1,0,0,0,1,"FF"
"3039","FF","1","0","1",8,"0","0",2,1,0,0,1,NA
"3045","FF","1","0","1",8,"3","2",2,1,0,0,1,"FF"
"3051","FF","3","0","0",9,"0","1",1,0,0,0,1,"FF"
"3054","FF","3","0","0",9,"2","2",1,0,0,0,1,"FF"
"3058","SL","4","0","1",9,"1","2",1,0,0,0,1,"FF"
"3060","FF","5","0","1",9,"0","0",1,1,0,0,1,NA
"3061","SL","5","0","1",9,"0","1",1,1,0,0,1,"FF"
"3070","SL","6","0","1",9,"2","2",2,1,1,0,1,"SL"
"3075","FF","1","0","0",1,"2","2",0,0,0,0,0,"SL"
"3078","FF","2","0","1",1,"0","0",0,0,0,0,0,NA
"3088","SL","4","0","1",1,"3","2",2,0,0,0,0,"FF"
"3090","FF","6","0","1",2,"0","0",1,0,0,0,0,NA
"3093","FF","6","0","1",2,"1","2",1,0,0,0,0,"FF"
"3096","FF","7","0","1",2,"2","0",2,0,0,0,0,"FF"
"3099","FF","9","0","1",3,"0","0",1,0,0,0,1,NA
"3112","SL","3","0","1",4,"0","0",0,0,0,0,1,NA
"3118","SL","3","0","1",4,"3","2",0,0,0,0,1,"SL"
"3132","FF","7","0","1",5,"0","0",0,1,0,0,1,NA
"3133","SL","7","0","1",5,"1","0",0,1,0,0,1,"FF"
"3135","FF","7","0","1",5,"2","1",0,1,0,0,1,"SL"
"3138","FF","8","0","1",5,"0","0",2,1,0,0,1,NA
"3150","FF","3","0","1",6,"0","0",2,1,0,0,5,NA
"3151","SL","3","0","1",6,"0","1",2,1,0,0,5,"FF"
"3153","FF","4","0","1",7,"0","0",0,0,0,0,5,NA
"3154","SL","4","0","1",7,"0","1",0,0,0,0,5,"FF"
"3159","FF","6","0","1",7,"0","0",0,1,0,0,5,NA
"3163","SL","6","0","1",7,"2","2",0,1,0,0,5,"FF"
"3168","FF","9","0","1",7,"0","0",1,1,1,1,4,NA
"3172","SL","9","0","1",7,"2","2",1,0,1,1,4,"FF"
"3174","FF","1","0","0",7,"0","0",2,1,1,1,4,NA
"3177","FF","1","0","1",1,"0","0",0,0,0,0,0,NA
"3181","SL","2","0","1",1,"1","2",0,0,0,0,0,"FF"
"3186","FF","3","0","1",1,"0","0",0,1,0,0,0,NA
"3193","SL","5","0","1",1,"1","0",2,0,0,1,-1,"FF"
"3195","FF","5","0","1",1,"1","2",2,0,0,1,-1,"SL"
"3198","FF","5","0","1",1,"2","2",2,0,0,1,-1,"FF"
"3201","FF","6","0","0",2,"0","2",0,0,0,0,-1,"FF"
"3204","FF","7","0","1",2,"0","0",1,0,0,0,-1,NA
"3207","FF","7","0","1",2,"1","2",1,0,0,0,-1,"FF"
"3208","SL","8","0","1",2,"0","0",2,0,0,0,-1,NA
"3210","FF","8","0","1",2,"0","2",2,0,0,0,-1,"SL"
"3211","SL","8","0","1",2,"1","2",2,0,0,0,-1,"FF"
"3226","SL","3","0","1",4,"0","1",0,0,0,0,0,"SL"
"3228","FF","3","0","1",4,"1","2",0,0,0,0,0,"SL"
"3229","SL","3","0","1",4,"2","2",0,0,0,0,0,"FF"
"3231","FF","3","0","1",4,"3","2",0,0,0,0,0,"SL"
"3232","SL","3","0","1",4,"3","2",0,0,0,0,0,"FF"
"3234","FF","4","0","0",4,"0","1",1,0,0,0,0,"SL"
"3240","FF","4","0","0",4,"2","2",1,0,0,0,0,"FF"
"3243","FF","5","0","1",4,"0","0",2,0,0,0,0,NA
"3247","SL","5","0","1",4,"2","2",2,0,0,0,0,"FF"
"3250","SL","6","0","0",5,"1","1",0,0,0,0,0,"SL"
"3258","FF","9","0","1",5,"0","0",2,1,0,0,0,NA
"3262","SL","1","0","1",6,"1","0",0,0,0,0,1,"FF"
"3264","FF","1","0","1",6,"3","0",0,0,0,0,1,"SL"
"3273","FF","5","0","1",7,"0","0",0,1,0,0,1,NA
"3277","SL","6","0","0",7,"0","2",1,1,0,0,1,"FF"
"3279","FF","7","0","1",7,"0","0",2,1,0,0,1,NA
"3282","FF","1","0","0",1,"0","0",0,0,0,0,0,NA
"3289","SL","1","0","0",1,"1","2",0,0,0,0,0,"FF"
"3291","FF","2","0","1",1,"0","0",0,0,0,0,0,NA
"3298","SL","3","0","1",1,"3","2",1,0,1,0,0,"FF"
"3303","FF","5","0","1",2,"0","1",0,0,0,0,1,"SL"
"3306","FF","6","0","1",2,"0","2",1,0,0,0,1,"FF"
"3307","SL","6","0","1",2,"1","2",1,0,0,0,1,"FF"
"3312","FF","7","0","1",2,"2","2",2,0,0,0,1,"SL"
"3318","FF","1","0","0",3,"0","0",0,1,1,0,1,NA
"3319","SL","1","0","0",3,"0","1",0,1,1,0,1,"FF"
"3322","SL","2","0","1",3,"0","1",1,0,1,1,1,"SL"
"3324","FF","3","0","1",3,"0","0",1,0,1,1,-1,NA
"3327","FF","3","0","1",3,"1","2",1,0,1,1,-1,"FF"
"3330","FF","4","0","1",3,"0","0",2,0,1,0,-1,NA
"3331","SL","4","0","1",3,"1","0",2,0,1,0,-1,"FF"
"3333","FF","4","0","1",3,"1","2",2,0,1,0,-1,"SL"
"3336","FF","6","0","1",4,"0","0",1,0,0,0,-1,NA
"3340","SL","7","0","1",4,"0","0",2,0,0,0,-1,NA
"3342","FF","7","0","1",4,"1","1",2,0,0,0,-1,"SL"
"3345","FF","8","0","1",5,"2","0",0,0,0,0,-1,"FF"
"3348","FF","9","0","0",5,"0","1",1,0,0,0,-1,"FF"
"3358","SL","4","0","1",6,"0","0",1,1,0,0,-1,NA
"3360","FF","4","0","1",6,"0","2",1,1,0,0,-1,"SL"
"3361","SL","5","0","1",6,"0","0",2,1,0,0,-1,NA
"3366","FF","7","0","1",7,"0","0",1,0,0,0,-1,NA
"3378","FF","1","0","0",7,"0","0",2,1,1,0,-1,NA
"3390","FF","4","0","1",2,"0","0",0,0,0,0,0,NA
"3396","FF","6","0","1",2,"0","0",0,1,1,0,-1,NA
"3399","FF","7","0","1",2,"1","1",0,1,0,1,-1,"FF"
"3400","SL","7","0","1",2,"1","2",0,1,0,1,-1,"FF"
"3402","FF","7","0","1",2,"1","2",0,1,0,1,-1,"SL"
"3405","FF","7","0","1",2,"1","2",0,1,0,1,-1,"FF"
"3406","SL","8","0","1",2,"0","0",1,1,0,1,-1,NA
"3411","FF","9","0","0",2,"0","0",2,1,0,1,-1,NA
"3416","CU","1","0","0",3,"1","1",0,0,0,0,-1,"FF"
"3418","SL","1","0","0",3,"2","2",0,0,0,0,-1,"CU"
"3423","FF","2","0","1",3,"2","2",0,0,0,0,-1,"SL"
"3432","FF","6","0","1",3,"0","0",2,1,1,0,-2,NA
"3444","FF","9","0","0",4,"0","2",1,0,0,0,-3,"FF"
"3447","FF","1","0","0",4,"1","0",2,0,0,0,-3,"FF"
"3454","SL","2","0","1",5,"1","0",0,0,0,0,-3,"FF"
"3456","FF","3","0","1",5,"0","0",1,0,0,0,-3,NA
"3462","FF","1","0","1",1,"0","0",0,0,0,0,1,NA
"3465","FF","2","0","1",1,"1","0",1,0,0,0,1,"FF"
"3474","FF","5","0","1",2,"0","0",1,0,0,0,1,NA
"3480","FF","6","0","0",2,"0","1",2,0,0,0,1,"FF"
"3483","FF","7","0","1",3,"0","0",0,0,0,0,2,NA
"3489","FF","1","0","1",3,"0","0",1,1,0,0,2,NA
"3492","FF","1","0","1",3,"2","1",1,0,1,0,2,"FF"
"3510","FF","6","0","0",5,"1","2",0,0,0,0,2,"FF"
"3511","SL","7","0","1",5,"0","0",1,0,0,0,2,NA
"3517","SL","7","0","1",5,"2","2",1,0,0,0,2,"SL"
"3525","FF","1","0","1",6,"0","1",1,0,0,0,4,"SL"
"3528","FF","2","0","1",6,"0","0",2,0,0,0,4,NA
"3534","FF","4","0","1",7,"1","0",1,0,0,0,4,"FF"
"3538","SL","5","0","1",7,"1","1",2,0,0,0,4,"FF"
"3544","SL","6","0","0",8,"1","2",0,0,0,0,8,"SL"
"3550","SL","7","0","1",8,"1","1",1,0,0,0,8,"SL"
"3551","CU","7","0","1",8,"1","2",1,0,0,0,8,"SL"
"3559","SL","9","0","1",9,"0","1",0,0,0,0,8,"CU"
"3573","FF","3","0","1",1,"0","0",1,1,0,0,0,NA
"3576","FF","3","0","1",1,"2","1",1,1,0,0,0,"FF"
"3579","FF","4","0","1",1,"0","1",2,1,0,0,0,"FF"
"3585","FF","6","0","1",2,"1","0",1,0,0,0,0,"FF"
"3591","FF","7","0","0",2,"0","2",2,0,0,0,0,"FF"
"3600","FF","1","0","1",3,"0","0",2,0,0,0,2,NA
"3606","FF","2","0","1",4,"1","2",0,0,0,0,2,"FF"
"3607","SL","2","0","1",4,"2","2",0,0,0,0,2,"FF"
"3609","FF","2","0","1",4,"2","2",0,0,0,0,2,"SL"
"3613","SL","3","0","1",4,"0","2",1,0,0,0,2,"FF"
"3614","CU","3","0","1",4,"0","2",1,0,0,0,2,"SL"
"3619","SL","3","0","1",4,"1","2",1,0,0,0,2,"CU"
"3622","SL","4","0","1",4,"1","0",1,0,0,0,2,"SL"
"3624","FF","4","0","1",4,"2","1",1,0,0,0,2,"SL"
"3627","FF","2","0","1",1,"0","0",0,0,0,0,0,NA
"3630","FF","2","0","1",1,"1","2",0,0,0,0,0,"FF"
"3639","FF","3","0","1",1,"0","0",1,1,0,0,0,NA
"3642","FF","4","0","0",1,"0","0",2,1,0,0,0,NA
"3646","SL","4","0","0",1,"0","2",2,1,0,0,0,"FF"
"3648","FF","5","0","1",2,"0","0",0,0,0,0,0,NA
"3649","SL","5","0","1",2,"1","0",0,0,0,0,0,"FF"
"3651","FF","6","0","0",2,"0","0",0,0,0,0,0,NA
"3666","FF","1","0","0",3,"1","1",0,0,0,0,0,"FF"
"3667","SL","1","0","0",3,"2","1",0,0,0,0,0,"FF"
"3669","FF","2","0","1",3,"0","0",1,1,0,0,0,NA
"3673","SL","3","0","1",3,"1","0",2,1,0,0,0,"FF"
"3675","FF","3","0","1",3,"2","1",2,1,0,0,0,"SL"
"3678","FF","4","0","0",4,"1","0",0,0,0,0,-1,"FF"
"3685","SL","6","0","0",4,"1","1",1,0,0,0,-1,"FF"
"3696","FF","9","0","0",5,"1","1",1,0,0,0,-1,"SL"
"3706","SL","2","0","1",5,"1","1",2,1,0,0,-1,"FF"
"3709","SL","3","0","1",6,"0","0",0,0,0,0,-1,NA
"3714","FF","6","0","0",7,"0","0",0,0,0,0,-1,NA
"3715","SL","6","0","0",7,"1","0",0,0,0,0,-1,"FF"
"3717","FF","6","0","0",7,"3","0",0,0,0,0,-1,"SL"
"3718","SL","6","0","0",7,"3","1",0,0,0,0,-1,"FF"
"3732","FF","1","0","0",7,"0","0",1,0,1,1,-1,NA
"3735","FF","1","0","0",7,"1","2",1,0,1,1,-1,"FF"
"3738","FF","1","0","0",7,"3","2",1,0,1,1,-1,"FF"
"3741","FF","1","0","0",1,"1","1",0,0,0,0,0,"FF"
"3743","CU","1","0","0",1,"2","2",0,0,0,0,0,"FF"
"3756","FF","4","0","1",1,"0","0",2,1,0,0,0,NA
"3771","FF","8","0","1",3,"0","1",0,0,0,0,3,"FF"
"3774","FF","9","0","1",3,"0","0",1,0,0,0,3,NA
"3789","FF","5","0","1",4,"0","0",2,0,0,0,2,NA
"3790","SL","5","0","1",4,"0","1",2,0,0,0,2,"FF"
"3792","FF","5","0","1",4,"1","2",2,0,0,0,2,"SL"
"3793","SL","5","0","1",4,"1","2",2,0,0,0,2,"FF"
"3796","SL","6","0","0",5,"0","2",0,0,0,0,2,"SL"
"3798","FF","7","0","1",5,"0","0",1,0,0,0,2,NA
"3807","FF","9","0","1",5,"0","1",2,1,0,0,2,"FF"
"3810","FF","1","0","0",6,"0","0",0,0,0,0,2,NA
"3816","FF","2","0","1",6,"1","0",1,0,0,0,2,"FF"
"3822","FF","3","0","0",6,"1","0",2,0,0,0,2,"FF"
"3823","SL","3","0","0",6,"1","1",2,0,0,0,2,"FF"
"3825","FF","4","0","1",7,"0","0",0,0,0,0,2,NA
"3828","FF","5","0","1",7,"0","1",0,1,0,0,2,"FF"
"3831","FF","7","0","1",7,"1","0",2,1,0,0,2,"FF"
"3832","SL","7","0","1",7,"2","0",2,1,0,0,2,"FF"
