"pitch_type","batter_num","pitch_rl","bat_rl","inning","balls","strikes","out","on_1b","on_2b","on_3b","score_diff","era","rbi","avg","hr","pitcher_at_home","pitcher_wins","pitcher_losses","batter_wins","batter_losses","prev_pitch_type0","prev_pitch_typeCH","prev_pitch_typeCU","prev_pitch_typeFF","prev_pitch_typeFT","prevprev_pitch_type0","prevprev_pitch_typeCH","prevprev_pitch_typeCU","prevprev_pitch_typeFF","prevprev_pitch_typeFT","prevprev_pitch_typePO"
"FF",12,"1","1",2,"1","2",2,0,0,0,-3,2.92,74,0.318,24,-1,3,3,0,0,0,0,1,0,0,0,0,0,0,1,0
"FT",15,"1","0",4,"0","0",1,0,0,0,2,0,19,0.257,5,1,0,0,0,0,1,0,0,0,0,1,0,0,0,0,0
"FT",3,"1","0",1,"1","0",0,1,0,0,0,3.52,54,0.289,18,1,2,2,0,0,0,0,0,0,1,1,0,0,0,0,0
"CU",11,"1","0",4,"0","0",0,0,0,0,0,0,3,0.25,1,-1,0,0,0,0,1,0,0,0,0,1,0,0,0,0,0
"FT",10,"1","0",2,"2","1",2,0,1,0,0,3.25,59,0.278,18,1,3,4,0,0,0,0,1,0,0,0,1,0,0,0,0
"CU",17,"1","1",5,"0","2",2,0,0,0,0,3.39,10,0.189,2,1,3,3,0,0,0,0,0,0,1,0,0,1,0,0,0
"FF",24,"1","0",6,"3","2",1,1,0,0,1,3.52,11,0.227,2,1,2,2,0,0,0,0,1,0,0,0,0,0,1,0,0
"FT",14,"1","1",3,"0","0",1,1,0,0,-1,3.39,79,0.303,21,1,4,4,0,0,1,0,0,0,0,1,0,0,0,0,0
"FT",5,"1","1",1,"2","1",2,1,0,1,0,1.38,8,0.271,1,-1,0,0,0,0,0,0,0,0,1,0,0,1,0,0,0
"FT",27,"1","0",8,"0","1",2,1,0,0,4,4.5,29,0.233,9,-1,0,0,0,0,0,0,0,0,1,1,0,0,0,0,0
"CU",24,"1","0",6,"0","1",2,1,0,0,-2,3.44,37,0.235,9,1,2,1,0,0,0,0,0,0,1,1,0,0,0,0,0
"CU",13,"1","1",4,"0","0",0,0,0,0,0,2.85,54,0.288,12,-1,3,2,0,0,1,0,0,0,0,1,0,0,0,0,0
"FF",19,"1","0",4,"0","2",1,0,0,0,-3,1.93,14,0.153,5,-1,1,0,0,0,0,0,1,0,0,0,0,0,0,1,0
"FT",24,"1","0",7,"0","0",0,0,0,0,0,1.38,5,0.289,0,-1,0,0,0,0,1,0,0,0,0,1,0,0,0,0,0
"FF",15,"1","0",4,"1","2",1,0,0,0,0,1.38,5,0.289,0,-1,0,0,0,0,0,0,1,0,0,0,0,0,1,0,0
"CU",3,"1","0",1,"2","1",0,0,0,1,4,3.27,85,0.318,24,-1,3,4,0,0,0,0,0,0,1,0,0,0,1,0,0
"FF",10,"1","1",2,"1","2",1,0,1,0,-3,3.39,35,0.342,12,1,4,4,0,0,0,0,0,0,1,0,0,0,0,1,0
"FF",5,"1","0",2,"3","1",0,0,0,0,0,3.49,47,0.231,7,1,4,4,0,0,0,1,0,0,0,0,0,0,0,1,0
"FF",12,"1","0",4,"3","2",0,0,0,0,0,3.39,42,0.263,10,1,3,3,0,0,0,0,0,1,0,0,0,0,0,1,0
"FF",5,"1","0",1,"0","0",2,0,0,1,-1,3.25,61,0.25,25,1,3,4,0,0,1,0,0,0,0,1,0,0,0,0,0
"FT",14,"1","0",5,"2","0",0,0,0,0,0,3,8,0.196,3,1,3,2,0,0,0,0,1,0,0,0,1,0,0,0,0
"FT",1,"1","0",1,"1","0",0,0,0,0,0,1.93,14,0.153,5,-1,1,0,0,0,0,0,0,0,1,1,0,0,0,0,0
"FF",7,"1","0",2,"1","2",1,0,0,0,-1,3.44,17,0.226,4,1,2,1,0,0,0,1,0,0,0,0,1,0,0,0,0
"CU",8,"1","0",2,"2","2",0,0,1,0,0,3.25,17,0.268,3,1,3,4,0,0,0,0,1,0,0,0,0,1,0,0,0
"FT",7,"1","0",2,"0","1",2,0,0,0,3,4.5,33,0.241,11,-1,1,1,0,0,0,0,0,0,1,1,0,0,0,0,0
"CU",21,"1","0",6,"1","2",0,0,0,0,1,2.85,61,0.282,14,-1,3,2,0,0,0,0,0,1,0,0,0,1,0,0,0
"CU",23,"1","1",6,"0","0",2,0,0,0,1,3.86,52,0.224,22,1,2,1,0,0,1,0,0,0,0,1,0,0,0,0,0
"FT",5,"1","0",1,"2","2",2,0,0,0,-2,3.6,33,0.213,9,-1,2,1,0,0,0,0,0,0,1,0,0,1,0,0,0
"CU",27,"1","0",8,"1","2",2,1,0,0,4,4.5,29,0.233,9,-1,0,0,0,0,0,0,0,0,1,0,0,0,0,1,0
"FT",22,"1","1",6,"0","0",0,0,0,0,1,2.85,54,0.288,12,-1,3,2,0,0,1,0,0,0,0,1,0,0,0,0,0
"FT",13,"1","0",3,"0","0",2,1,1,0,0,1.38,4,0.171,2,-1,0,0,0,0,1,0,0,0,0,1,0,0,0,0,0
"FF",8,"1","1",2,"0","2",2,0,0,0,-1,3.44,20,0.255,4,1,2,1,0,0,0,0,0,0,1,0,0,0,0,1,0
"FF",17,"1","1",4,"2","2",2,0,0,0,0,0,7,0.167,2,1,0,0,0,0,0,0,0,1,0,0,0,1,0,0,0
"FT",17,"1","1",5,"0","0",2,0,0,0,0,4.5,10,0.205,1,-1,0,0,0,0,1,0,0,0,0,1,0,0,0,0,0
"FT",21,"1","0",6,"2","0",1,0,0,1,-1,3.39,42,0.263,10,1,3,3,0,0,0,1,0,0,0,0,0,0,1,0,0
"FT",6,"1","0",2,"3","1",0,1,0,0,2,0,19,0.257,5,1,0,0,0,0,0,0,0,0,1,0,1,0,0,0,0
"FT",12,"1","0",3,"1","0",0,1,1,0,6,3.27,85,0.318,24,-1,3,4,0,0,0,1,0,0,0,1,0,0,0,0,0
"FT",1,"1","1",1,"0","0",0,0,0,0,0,3,72,0.265,25,1,3,2,0,0,1,0,0,0,0,1,0,0,0,0,0
"FT",6,"1","1",2,"0","1",1,0,0,0,3,4.5,30,0.29,10,-1,1,1,0,0,0,0,0,1,0,1,0,0,0,0,0
"CU",17,"1","1",5,"1","2",2,0,0,0,0,4.5,10,0.205,1,-1,0,0,0,0,0,0,0,0,1,0,0,1,0,0,0
"CU",10,"1","0",2,"0","0",1,0,1,0,-1,3.52,15,0.252,3,1,2,2,0,0,1,0,0,0,0,1,0,0,0,0,0
"FT",19,"1","0",5,"1","0",0,1,0,0,3,3.5,25,0.262,5,1,1,1,0,0,0,0,1,0,0,1,0,0,0,0,0
"CU",2,"1","1",1,"1","1",0,1,0,0,0,3.25,75,0.276,20,1,3,4,0,0,0,0,0,1,0,0,0,0,0,1,0
"FF",1,"1","0",1,"0","0",0,0,0,0,0,3.49,48,0.276,13,1,4,4,0,0,1,0,0,0,0,1,0,0,0,0,0
"FT",26,"1","0",7,"1","1",0,1,1,0,-1,1.38,0,0,0,-1,0,0,0,0,0,0,0,0,1,0,0,0,0,1,0
"CU",18,"1","1",5,"2","2",1,0,0,0,-1,3.6,1,0.143,0,-1,2,1,5,10,0,0,0,1,0,0,0,0,0,1,0
"FT",5,"1","1",1,"0","0",2,1,0,1,0,3.5,13,0.242,3,1,1,1,0,0,1,0,0,0,0,1,0,0,0,0,0
"FF",6,"1","1",2,"0","0",0,1,0,0,0,3.49,94,0.243,21,1,4,4,0,0,1,0,0,0,0,1,0,0,0,0,0
"FT",22,"1","1",6,"0","0",2,1,0,0,0,0,0,0.25,0,-1,0,0,0,0,1,0,0,0,0,1,0,0,0,0,0
"FT",12,"1","1",3,"0","1",0,1,0,0,2,3.86,44,0.313,13,1,2,1,0,0,0,0,0,1,0,1,0,0,0,0,0
"FT",4,"1","1",2,"0","0",0,0,0,0,0,4.5,40,0.282,16,-1,0,0,0,0,1,0,0,0,0,1,0,0,0,0,0
"CU",17,"1","1",3,"1","2",2,0,1,0,-4,1.93,18,0.254,5,-1,1,0,0,0,0,0,1,0,0,0,0,0,0,1,0
"CU",5,"1","1",1,"0","0",2,1,0,1,0,1.38,8,0.271,1,-1,0,0,0,0,1,0,0,0,0,1,0,0,0,0,0
"FT",13,"1","1",3,"2","1",0,0,0,0,-4,2.92,43,0.278,11,-1,3,3,0,0,0,0,0,0,1,0,0,0,1,0,0
"CU",15,"1","0",4,"0","1",1,0,0,0,0,1.38,5,0.289,0,-1,0,0,0,0,0,0,0,0,1,1,0,0,0,0,0
"FF",4,"1","1",1,"0","2",1,0,0,0,-2,3.6,58,0.217,23,-1,2,1,0,0,0,0,1,0,0,0,0,1,0,0,0
"FT",12,"1","0",3,"3","2",1,0,0,0,-1,3.44,20,0.268,3,1,2,1,0,0,0,1,0,0,0,0,1,0,0,0,0
"FF",24,"1","0",6,"3","0",1,1,0,0,1,3.52,11,0.227,2,1,2,2,0,0,0,0,0,1,0,0,0,0,1,0,0
"CU",19,"1","0",5,"0","2",0,0,0,0,-1,3.52,15,0.252,3,1,2,2,0,0,0,0,0,1,0,0,1,0,0,0,0
"FT",13,"1","0",3,"2","1",2,1,1,0,0,1.38,4,0.171,2,-1,0,0,0,0,0,0,0,0,1,0,1,0,0,0,0
"FT",22,"1","1",6,"3","2",2,0,1,0,-1,3.39,74,0.312,24,1,3,3,0,0,0,0,1,0,0,0,0,0,0,1,0
"FT",18,"1","1",5,"0","0",0,1,0,0,-1,0,0,1,0,1,0,0,0,0,1,0,0,0,0,1,0,0,0,0,0
"FT",9,"1","1",2,"0","0",2,1,0,1,0,3.49,7,0.27,2,1,4,4,18,7,1,0,0,0,0,1,0,0,0,0,0
"CU",7,"1","1",2,"1","2",1,0,0,0,0,1.38,5,0.25,1,-1,0,0,0,0,0,1,0,0,0,0,1,0,0,0,0
"FF",2,"1","1",1,"0","1",0,0,0,0,0,3.52,41,0.266,15,1,2,2,0,0,0,0,1,0,0,1,0,0,0,0,0
"FT",19,"1","0",4,"0","2",1,0,0,0,-3,1.93,14,0.153,5,-1,1,0,0,0,0,0,1,0,0,0,0,0,0,1,0
"FT",18,"1","1",5,"1","2",0,0,0,0,0,2.85,7,0.146,0,-1,3,2,10,8,0,0,1,0,0,0,0,0,0,1,0
"FT",24,"1","1",6,"2","2",2,0,1,1,-1,3.6,9,0.182,4,-1,2,1,0,0,0,0,1,0,0,0,0,0,0,1,0
"CU",23,"1","1",6,"0","1",1,1,0,0,-2,3.44,11,0.258,3,1,2,1,0,0,0,0,1,0,0,1,0,0,0,0,0
"FT",16,"1","1",4,"3","2",1,0,0,0,-1,3.52,50,0.239,17,1,2,2,0,0,0,0,0,1,0,0,1,0,0,0,0
"FF",12,"1","1",3,"1","2",2,1,0,0,2,0,37,0.266,15,1,0,0,0,0,0,0,1,0,0,0,0,0,1,0,0
"CU",9,"1","1",2,"0","0",1,0,1,0,0,3.25,4,0.159,0,1,3,4,9,9,1,0,0,0,0,1,0,0,0,0,0
"FF",6,"1","0",2,"2","1",0,0,0,0,0,3.5,32,0.239,13,1,1,1,0,0,0,1,0,0,0,0,0,0,0,1,0
"CU",18,"1","1",5,"0","1",2,0,0,0,3,3.49,7,0.27,2,1,4,4,18,7,0,0,0,1,0,1,0,0,0,0,0
"FT",13,"1","1",4,"1","0",1,0,0,0,0,4.5,40,0.282,16,-1,0,0,0,0,0,0,1,0,0,1,0,0,0,0,0
"CU",20,"1","1",5,"1","2",1,1,0,0,-1,3.52,41,0.266,15,1,2,2,0,0,0,0,0,0,1,0,0,0,1,0,0
"FT",11,"1","1",3,"0","0",2,1,1,0,1,3.29,69,0.278,22,1,2,2,0,0,1,0,0,0,0,1,0,0,0,0,0
"FT",23,"1","0",6,"1","0",0,1,0,0,1,2.85,71,0.27,11,-1,3,2,0,0,0,0,0,0,1,1,0,0,0,0,0
"FT",20,"1","0",5,"0","0",2,0,0,0,0,2.85,40,0.292,8,-1,3,2,0,0,1,0,0,0,0,1,0,0,0,0,0
"FT",4,"1","1",1,"0","0",0,0,1,1,-1,2.85,54,0.288,12,-1,3,2,0,0,1,0,0,0,0,1,0,0,0,0,0
"FT",19,"1","0",6,"0","2",0,0,0,0,4,3.29,8,0.266,1,1,2,2,0,0,0,1,0,0,0,0,0,0,0,1,0
"CU",20,"1","0",6,"2","2",0,0,0,0,-1,3.6,33,0.266,9,-1,2,1,0,0,0,0,1,0,0,0,0,1,0,0,0
"FT",23,"1","0",7,"1","0",2,0,0,0,2,4.5,10,0.231,1,-1,0,0,0,0,0,0,0,0,1,1,0,0,0,0,0
"FT",4,"1","1",1,"0","0",1,1,0,0,0,3.86,45,0.303,12,1,2,1,0,0,1,0,0,0,0,1,0,0,0,0,0
"CU",12,"1","0",4,"0","2",1,0,0,0,5,4.5,54,0.303,19,-1,1,1,0,0,0,0,0,0,1,0,1,0,0,0,0
"CU",23,"1","0",6,"0","0",1,1,1,0,-1,3.6,33,0.213,9,-1,2,1,0,0,1,0,0,0,0,1,0,0,0,0,0
"FT",17,"1","1",4,"2","0",2,0,0,0,3,3.5,20,0.244,5,1,1,1,0,0,0,0,1,0,0,0,0,0,0,1,0
"FT",22,"1","1",6,"0","0",1,1,1,0,7,4.5,53,0.284,20,-1,1,1,0,0,1,0,0,0,0,1,0,0,0,0,0
"CU",2,"1","1",1,"1","1",1,0,0,0,0,0,1,0.259,0,1,0,0,0,0,0,0,0,0,1,0,0,1,0,0,0
"FT",26,"1","0",7,"0","0",2,1,0,0,0,0,1,0.25,0,-1,0,0,0,0,1,0,0,0,0,1,0,0,0,0,0
"FT",2,"1","0",1,"0","1",0,1,0,0,0,1.93,24,0.231,4,-1,1,0,0,0,0,0,0,1,0,1,0,0,0,0,0
"CU",21,"1","0",7,"1","2",0,0,0,0,2,4.5,20,0.218,12,-1,0,0,0,0,0,0,1,0,0,0,0,0,1,0,0
"FT",7,"1","1",2,"1","0",1,0,0,0,4,3.27,64,0.251,20,-1,3,4,0,0,0,0,0,0,1,1,0,0,0,0,0
"FT",25,"1","0",8,"0","0",0,0,0,0,4,3.29,0,0,0,1,2,2,0,0,1,0,0,0,0,1,0,0,0,0,0
"CU",16,"1","0",4,"0","0",1,0,1,0,0,0,0,0.111,0,1,0,0,0,0,1,0,0,0,0,1,0,0,0,0,0
"FF",23,"1","0",7,"0","1",0,0,0,0,0,0,0,0,0,-1,0,0,0,0,0,0,1,0,0,1,0,0,0,0,0
"CU",11,"1","1",2,"0","1",2,0,1,0,-3,3.39,66,0.248,20,1,4,4,0,0,0,0,1,0,0,1,0,0,0,0,0
"FT",1,"1","1",1,"3","2",0,0,0,0,0,0,1,0.25,0,-1,0,0,0,0,0,0,0,0,1,0,0,1,0,0,0
"FF",22,"1","0",6,"3","2",0,0,0,0,-2,3.44,30,0.159,14,1,2,1,0,0,0,0,1,0,0,0,0,0,1,0,0
"FT",1,"1","0",1,"3","1",0,0,0,0,0,0,3,0.22,1,1,0,0,0,0,0,0,0,1,0,0,0,0,0,1,0
"CU",10,"1","1",4,"0","0",0,0,0,0,0,3,72,0.265,25,1,3,2,0,0,1,0,0,0,0,1,0,0,0,0,0
"FT",10,"1","1",3,"2","1",0,0,0,0,6,3.27,18,0.32,2,-1,3,4,0,0,0,0,0,1,0,0,0,0,0,1,0
"FF",8,"1","0",2,"0","1",0,0,1,0,0,3.25,17,0.268,3,1,3,4,0,0,0,0,1,0,0,1,0,0,0,0,0
"FF",9,"1","1",3,"0","0",1,1,0,0,1,3.29,2,0.077,0,1,2,2,4,7,1,0,0,0,0,1,0,0,0,0,0
"FT",5,"1","1",2,"1","1",0,0,0,0,0,3.39,79,0.303,21,1,4,4,0,0,0,0,0,0,1,0,0,0,0,1,0
"FF",2,"1","0",1,"0","1",1,1,0,0,0,3.44,33,0.29,10,1,2,1,0,0,0,0,0,0,1,1,0,0,0,0,0
"CU",13,"1","0",3,"2","2",2,0,0,0,-1,3.44,30,0.159,14,1,2,1,0,0,0,0,0,1,0,0,0,1,0,0,0
"FF",15,"1","0",3,"0","2",0,0,0,0,-4,1.93,15,0.2,3,-1,1,0,0,0,0,0,1,0,0,0,0,0,1,0,0
"FT",17,"1","1",5,"3","1",1,0,0,0,4,3.29,35,0.189,12,1,2,2,0,0,0,1,0,0,0,0,0,0,0,1,0
"FT",21,"1","0",6,"0","0",2,0,0,0,4,3.29,48,0.296,11,1,2,2,0,0,1,0,0,0,0,1,0,0,0,0,0
"FT",21,"1","0",5,"2","1",0,0,0,0,4,3.27,85,0.318,24,-1,3,4,0,0,0,0,1,0,0,0,1,0,0,0,0
"FT",10,"1","0",3,"0","0",1,0,0,0,2,0,3,0.22,1,1,0,0,0,0,1,0,0,0,0,1,0,0,0,0,0
"FT",18,"1","1",5,"0","0",0,0,0,0,0,1.38,3,0.222,0,-1,0,0,0,0,1,0,0,0,0,1,0,0,0,0,0
"FT",5,"1","0",2,"0","0",0,0,0,0,0,3.39,44,0.214,13,1,3,3,0,0,1,0,0,0,0,1,0,0,0,0,0
"CU",14,"1","1",3,"1","0",1,0,0,0,3,3.27,57,0.29,10,-1,3,4,0,0,0,0,0,0,1,1,0,0,0,0,0
"CU",24,"1","1",6,"1","0",2,0,1,1,-1,3.6,9,0.182,4,-1,2,1,0,0,0,0,1,0,0,1,0,0,0,0,0
"FT",7,"1","1",1,"1","0",1,0,1,0,-3,2.92,8,0.185,1,-1,3,3,0,0,0,0,1,0,0,1,0,0,0,0,0
"FT",9,"1","1",3,"0","0",0,0,0,0,0,1.38,3,0.222,0,-1,0,0,0,0,1,0,0,0,0,1,0,0,0,0,0
"CU",6,"1","0",1,"1","2",2,1,1,0,-1,3.52,11,0.227,2,1,2,2,0,0,0,0,0,1,0,0,0,0,0,1,0
"CU",16,"1","1",4,"0","0",0,1,0,0,0,3.25,22,0.245,7,1,3,4,0,0,1,0,0,0,0,1,0,0,0,0,0
"FT",3,"1","0",1,"0","0",1,0,0,0,-1,3.44,20,0.268,3,1,2,1,0,0,1,0,0,0,0,1,0,0,0,0,0
"FT",22,"1","1",7,"0","1",1,1,0,0,2,4.5,40,0.282,16,-1,0,0,0,0,0,0,0,1,0,1,0,0,0,0,0
"FT",4,"1","1",2,"0","0",0,0,0,0,0,3,86,0.272,18,1,3,2,0,0,1,0,0,0,0,1,0,0,0,0,0
"FT",21,"1","0",6,"0","0",0,0,0,0,0,1.38,3,0.273,1,-1,0,0,0,0,1,0,0,0,0,1,0,0,0,0,0
"FF",18,"1","1",5,"2","1",1,0,0,0,-1,3.6,1,0.143,0,-1,2,1,5,10,0,0,0,0,1,0,0,0,0,1,0
"CU",18,"1","1",5,"1","2",0,0,0,0,3,3.5,5,0.167,1,1,1,1,0,0,0,0,0,1,0,0,0,0,1,0,0
"FT",2,"1","0",1,"0","0",0,0,0,0,1,2.92,40,0.264,10,-1,3,3,0,0,1,0,0,0,0,1,0,0,0,0,0
"CU",14,"1","1",3,"0","1",1,1,0,0,-1,3.39,79,0.303,21,1,4,4,0,0,0,0,0,0,1,1,0,0,0,0,0
"FF",20,"1","1",6,"0","0",0,0,0,0,6,3.49,101,0.295,39,1,4,4,0,0,1,0,0,0,0,1,0,0,0,0,0
"FF",11,"1","1",3,"0","1",0,0,0,0,0,3.25,75,0.276,20,1,3,4,0,0,0,0,1,0,0,1,0,0,0,0,0
"FT",12,"1","1",2,"0","0",2,0,0,0,-3,2.92,74,0.318,24,-1,3,3,0,0,1,0,0,0,0,1,0,0,0,0,0
"CU",18,"1","0",5,"1","2",1,1,0,1,0,0,0,0.667,0,-1,0,0,0,0,0,0,0,0,1,0,1,0,0,0,0
"CU",10,"1","0",2,"3","1",1,0,1,0,-1,3.52,15,0.252,3,1,2,2,0,0,0,0,0,0,1,0,1,0,0,0,0
"CU",14,"1","1",3,"1","1",2,0,0,0,-1,3.52,40,0.268,6,1,2,2,0,0,0,0,1,0,0,0,0,0,0,1,0
"FT",20,"1","0",5,"1","0",2,0,0,0,1,3.86,24,0.267,8,1,2,1,0,0,0,0,1,0,0,1,0,0,0,0,0
"FT",13,"1","1",4,"0","0",2,1,0,0,0,3,86,0.272,18,1,3,2,0,0,1,0,0,0,0,1,0,0,0,0,0
"FT",19,"1","0",5,"1","0",1,0,0,0,1,3.86,33,0.302,6,1,2,1,0,0,0,1,0,0,0,1,0,0,0,0,0
"FT",13,"1","1",3,"1","2",0,1,0,0,-1,3.39,78,0.271,18,1,4,4,0,0,0,0,0,0,1,0,0,0,0,1,0
"FT",1,"1","1",1,"1","1",0,0,0,0,0,0,1,0.25,0,-1,0,0,0,0,0,0,0,0,1,0,0,0,1,0,0
"FT",11,"1","1",3,"0","2",0,0,0,0,0,3.25,75,0.276,20,1,3,4,0,0,0,0,0,1,0,0,0,1,0,0,0
"FT",1,"1","1",1,"3","2",0,0,0,0,0,0,1,0.25,0,-1,0,0,0,0,0,0,0,0,1,0,0,0,0,1,0
"FF",19,"1","0",6,"1","2",0,0,0,0,7,4.5,26,0.263,11,-1,1,1,0,0,0,0,0,1,0,0,0,0,1,0,0
"CU",6,"1","0",2,"3","2",0,0,0,0,0,3.39,17,0.275,7,1,4,4,0,0,0,0,0,0,1,0,0,0,0,1,0
"FF",19,"1","0",6,"0","2",0,0,0,0,7,4.5,26,0.263,11,-1,1,1,0,0,0,0,0,1,0,0,1,0,0,0,0
"CU",19,"1","1",4,"0","0",2,0,0,0,0,3.39,35,0.342,12,1,4,4,0,0,1,0,0,0,0,1,0,0,0,0,0
"FT",3,"1","0",1,"2","1",0,1,0,0,0,3.52,54,0.289,18,1,2,2,0,0,0,0,0,0,1,0,0,0,0,1,0
"FT",20,"1","0",6,"3","2",0,0,0,0,-1,3.6,33,0.266,9,-1,2,1,0,0,0,0,0,1,0,0,0,1,0,0,0
"FT",20,"1","0",4,"1","1",2,0,1,0,3,3.27,0,0.462,0,-1,3,4,0,0,0,0,0,0,1,0,0,0,0,1,0
"FT",26,"1","1",8,"0","0",1,1,0,0,4,4.5,10,0.205,1,-1,0,0,0,0,1,0,0,0,0,1,0,0,0,0,0
"FF",11,"1","0",3,"2","1",1,0,0,0,2,0,26,0.244,8,1,0,0,0,0,0,1,0,0,0,0,0,1,0,0,0
"FT",10,"1","0",2,"3","1",2,1,1,0,2,3.86,33,0.302,6,1,2,1,0,0,0,0,0,1,0,0,0,0,1,0,0
"FT",6,"1","1",2,"1","0",2,0,0,0,1,3.29,4,0.212,2,1,2,2,0,0,0,0,1,0,0,1,0,0,0,0,0
"FT",20,"1","1",5,"0","1",1,1,0,0,-1,3.52,41,0.266,15,1,2,2,0,0,0,0,0,1,0,1,0,0,0,0,0
"FT",6,"1","0",2,"0","0",0,0,0,0,-1,3.44,37,0.235,9,1,2,1,0,0,1,0,0,0,0,1,0,0,0,0,0
"FF",2,"1","0",1,"0","0",0,1,0,0,0,1.93,24,0.231,4,-1,1,0,0,0,1,0,0,0,0,1,0,0,0,0,0
"CU",19,"1","0",6,"1","2",0,0,0,0,4,3.29,8,0.266,1,1,2,2,0,0,0,0,0,0,1,0,1,0,0,0,0
"FF",6,"1","1",2,"0","0",1,1,0,0,0,3.39,15,0.235,4,1,3,3,0,0,1,0,0,0,0,1,0,0,0,0,0
"FT",18,"1","1",6,"0","2",0,0,0,0,2,4.5,6,0.292,2,-1,0,0,0,0,0,0,0,1,0,0,0,1,0,0,0
"CU",20,"1","1",5,"1","2",1,1,0,0,-1,3.52,41,0.266,15,1,2,2,0,0,0,0,0,0,1,0,0,0,0,0,1
"FT",17,"1","1",4,"0","0",2,0,0,0,3,3.5,20,0.244,5,1,1,1,0,0,1,0,0,0,0,1,0,0,0,0,0
"CU",4,"1","1",1,"1","2",0,0,1,1,-1,2.85,54,0.288,12,-1,3,2,0,0,0,0,0,1,0,0,0,1,0,0,0
"FT",22,"1","0",6,"3","2",2,1,0,0,6,3.49,72,0.27,15,1,4,4,0,0,0,0,1,0,0,0,0,0,1,0,0
"CU",20,"1","1",6,"1","1",1,0,0,0,4,3.29,69,0.278,22,1,2,2,0,0,0,1,0,0,0,0,0,0,0,1,0
"CU",2,"1","1",1,"0","0",1,0,0,0,0,3,13,0.229,3,1,3,2,0,0,1,0,0,0,0,1,0,0,0,0,0
"FT",11,"1","0",4,"0","0",0,0,0,0,5,4.5,27,0.258,6,-1,1,1,0,0,1,0,0,0,0,1,0,0,0,0,0
"CU",1,"1","0",1,"2","1",0,0,0,0,0,3.49,48,0.276,13,1,4,4,0,0,0,0,0,1,0,0,0,0,1,0,0
"FF",9,"1","1",2,"0","0",1,0,1,0,-1,3.52,1,0.158,0,1,2,2,6,0,1,0,0,0,0,1,0,0,0,0,0
"FT",9,"1","1",3,"2","1",1,0,0,0,-1,0,0,1,0,1,0,0,0,0,0,0,0,0,1,0,0,0,0,1,0
"FT",20,"1","0",6,"1","2",0,0,0,0,7,4.5,27,0.258,6,-1,1,1,0,0,0,1,0,0,0,0,1,0,0,0,0
"FF",13,"1","1",3,"0","2",2,0,0,0,0,3.25,46,0.296,7,1,3,4,0,0,0,0,0,1,0,0,0,1,0,0,0
"FT",16,"1","1",3,"0","2",2,1,1,0,-1,3.39,45,0.216,15,1,4,4,0,0,0,0,0,0,1,0,0,0,0,1,0
"CU",2,"1","1",1,"0","2",1,0,0,0,0,3.49,101,0.295,39,1,4,4,0,0,0,1,0,0,0,0,0,0,0,1,0
"FT",12,"1","1",2,"2","2",2,0,0,0,-3,2.92,74,0.318,24,-1,3,3,0,0,0,0,1,0,0,0,0,1,0,0,0
"CU",17,"1","1",5,"0","1",2,0,0,0,0,4.5,10,0.205,1,-1,0,0,0,0,0,0,0,0,1,1,0,0,0,0,0
"FT",17,"1","1",5,"1","2",2,0,0,0,0,3.39,10,0.189,2,1,3,3,0,0,0,0,1,0,0,0,0,0,0,1,0
"FF",6,"1","1",2,"1","2",2,0,0,0,0,3,4,0.276,2,1,3,2,0,0,0,0,1,0,0,0,0,1,0,0,0
"FF",15,"1","0",4,"0","1",1,0,0,0,2,0,19,0.257,5,1,0,0,0,0,0,0,0,0,1,1,0,0,0,0,0
"FT",24,"1","1",7,"0","0",1,1,0,0,-2,3,4,0.276,2,1,3,2,0,0,1,0,0,0,0,1,0,0,0,0,0
"FT",8,"1","1",2,"2","2",0,0,0,0,-2,1.93,18,0.254,5,-1,1,0,0,0,0,1,0,0,0,0,0,0,0,1,0
"FT",8,"1","0",2,"2","2",0,0,1,0,0,3.25,17,0.268,3,1,3,4,0,0,0,0,1,0,0,0,0,1,0,0,0
"CU",19,"1","0",5,"1","1",1,0,0,0,1,3.86,33,0.302,6,1,2,1,0,0,0,0,0,0,1,0,1,0,0,0,0
"CU",17,"1","1",5,"0","0",1,0,0,0,4,3.29,35,0.189,12,1,2,2,0,0,1,0,0,0,0,1,0,0,0,0,0
"CU",3,"1","0",1,"0","0",1,0,0,0,0,1.38,3,0.273,1,-1,0,0,0,0,1,0,0,0,0,1,0,0,0,0,0
"FT",14,"1","0",4,"0","0",1,0,0,0,0,2.85,71,0.27,11,-1,3,2,0,0,1,0,0,0,0,1,0,0,0,0,0
"FT",23,"1","0",6,"0","0",0,1,0,0,1,2.85,71,0.27,11,-1,3,2,0,0,1,0,0,0,0,1,0,0,0,0,0
"FT",23,"1","0",7,"3","0",2,0,0,0,2,4.5,10,0.231,1,-1,0,0,0,0,0,0,0,0,1,0,0,0,0,1,0
"FT",2,"1","0",1,"0","0",1,1,0,0,0,3.44,33,0.29,10,1,2,1,0,0,1,0,0,0,0,1,0,0,0,0,0
"FT",13,"1","1",3,"2","0",0,0,0,0,-4,2.92,43,0.278,11,-1,3,3,0,0,0,0,0,1,0,0,0,1,0,0,0
"FF",7,"1","0",3,"0","0",0,0,0,0,0,4.5,3,0.255,1,-1,0,0,0,0,1,0,0,0,0,1,0,0,0,0,0
"FT",9,"1","1",3,"0","1",0,0,0,0,0,3.39,15,0.197,6,1,3,3,0,0,0,0,0,0,1,1,0,0,0,0,0
"CU",13,"1","0",3,"3","2",2,0,0,0,-1,3.44,30,0.159,14,1,2,1,0,0,0,0,1,0,0,0,0,0,1,0,0
"CU",11,"1","0",3,"0","1",1,0,0,0,2,0,26,0.244,8,1,0,0,0,0,0,0,1,0,0,1,0,0,0,0,0
"FT",20,"1","0",5,"0","0",0,0,1,1,2,3.5,37,0.289,16,1,1,1,0,0,1,0,0,0,0,1,0,0,0,0,0
"CU",17,"1","1",5,"0","2",0,0,0,0,-1,3.44,20,0.255,4,1,2,1,0,0,0,0,1,0,0,0,0,0,1,0,0
"CU",15,"1","1",4,"1","2",2,0,0,0,0,3.49,94,0.243,21,1,4,4,0,0,0,0,0,1,0,0,1,0,0,0,0
"CU",18,"1","1",4,"0","2",0,0,0,0,-3,1.93,0,0.083,0,-1,1,0,4,6,0,0,0,0,1,0,0,0,0,1,0
"CU",17,"1","0",5,"0","1",0,1,0,1,0,0,1,0.25,0,-1,0,0,0,0,0,0,0,1,0,1,0,0,0,0,0
"FF",19,"1","0",5,"0","1",1,1,1,0,-1,0,1,0.346,0,1,0,0,0,0,0,0,1,0,0,1,0,0,0,0,0
"CU",18,"1","1",5,"0","0",0,0,0,0,3,3.5,5,0.167,1,1,1,1,0,0,1,0,0,0,0,1,0,0,0,0,0
"FF",14,"1","0",4,"1","1",0,0,0,0,-1,3.6,33,0.213,9,-1,2,1,0,0,0,1,0,0,0,0,1,0,0,0,0
"FT",9,"1","1",2,"3","2",2,1,0,1,0,3.49,7,0.27,2,1,4,4,18,7,0,0,0,0,1,0,0,0,0,1,0
"FT",2,"1","0",1,"1","1",0,1,0,0,1,2.85,40,0.292,8,-1,3,2,0,0,0,0,0,0,1,0,0,0,0,1,0
"FT",25,"1","0",7,"0","0",1,1,0,0,0,0,0,0.333,0,-1,0,0,0,0,1,0,0,0,0,1,0,0,0,0,0
"FT",9,"1","1",2,"1","2",2,1,0,0,0,3.5,0,0,0,1,1,1,0,0,0,0,0,0,1,0,0,0,0,1,0
"FT",1,"1","0",1,"0","0",0,0,0,0,0,3.29,8,0.266,1,1,2,2,0,0,1,0,0,0,0,1,0,0,0,0,0
"CU",21,"1","0",7,"0","0",0,0,0,0,2,4.5,20,0.218,12,-1,0,0,0,0,1,0,0,0,0,1,0,0,0,0,0
"FF",15,"1","1",4,"0","1",1,0,0,0,0,2.85,39,0.274,8,-1,3,2,0,0,0,1,0,0,0,1,0,0,0,0,0
"FT",18,"1","1",5,"1","0",1,0,0,0,-1,3.44,0,0.222,0,1,2,1,8,2,0,0,0,0,1,1,0,0,0,0,0
"FF",7,"1","1",2,"1","1",0,0,1,0,-1,3.39,45,0.216,15,1,4,4,0,0,0,0,0,0,1,0,0,1,0,0,0
"CU",20,"1","0",5,"1","2",2,0,0,0,0,2.85,40,0.292,8,-1,3,2,0,0,0,0,1,0,0,0,0,0,0,1,0
"FF",7,"1","1",2,"3","0",0,0,0,0,-1,3.52,50,0.239,17,1,2,2,0,0,0,0,0,0,1,0,0,0,0,1,0
"FT",3,"1","0",1,"2","2",2,0,0,0,0,0,3,0.192,2,1,0,0,0,0,0,0,0,1,0,0,0,1,0,0,0
"FT",23,"1","0",6,"0","0",2,1,1,0,7,4.5,49,0.266,15,-1,1,1,0,0,1,0,0,0,0,1,0,0,0,0,0
"CU",22,"1","1",6,"3","1",2,0,1,0,-1,3.39,74,0.312,24,1,3,3,0,0,0,0,0,0,1,0,0,0,0,1,0
"FT",12,"1","1",3,"1","1",0,1,0,0,2,3.86,44,0.313,13,1,2,1,0,0,0,0,0,0,1,0,0,0,1,0,0
"FT",1,"1","1",1,"0","1",0,0,0,0,0,3.39,35,0.342,12,1,4,4,0,0,0,0,0,0,1,1,0,0,0,0,0
"CU",24,"1","1",6,"0","0",2,1,1,0,-1,3.6,9,0.182,4,-1,2,1,0,0,1,0,0,0,0,1,0,0,0,0,0
"FT",4,"1","1",2,"0","1",0,0,0,0,-1,0,6,0.333,2,1,0,0,0,0,0,0,0,1,0,1,0,0,0,0,0
"FT",22,"1","1",6,"2","1",2,0,1,0,-1,3.39,74,0.312,24,1,3,3,0,0,0,0,0,0,1,0,1,0,0,0,0
"FF",14,"1","0",3,"3","1",0,0,0,0,-4,1.93,40,0.315,9,-1,1,0,0,0,0,0,0,1,0,0,0,0,0,1,0
"FF",7,"1","0",3,"1","2",0,0,0,0,0,3,29,0.213,9,1,3,2,0,0,0,1,0,0,0,0,0,0,1,0,0
"CU",13,"1","0",4,"1","0",0,0,0,0,0,3.49,72,0.27,15,1,4,4,0,0,0,0,0,1,0,1,0,0,0,0,0
"CU",16,"1","1",3,"1","2",2,1,1,0,-1,3.39,45,0.216,15,1,4,4,0,0,0,0,0,0,1,0,0,0,0,1,0
"CU",16,"1","0",5,"2","2",0,0,0,0,-1,0,5,0.133,2,1,0,0,0,0,0,0,0,0,1,0,0,0,0,1,0
"FT",1,"1","1",1,"0","0",0,0,0,0,0,3.39,35,0.342,12,1,4,4,0,0,1,0,0,0,0,1,0,0,0,0,0
"FF",16,"1","1",4,"0","0",1,0,1,0,0,2.85,50,0.287,13,-1,3,2,0,0,1,0,0,0,0,1,0,0,0,0,0
"CU",14,"1","1",3,"2","1",2,0,0,0,-1,3.52,40,0.268,6,1,2,2,0,0,0,0,1,0,0,0,0,1,0,0,0
"FT",9,"1","0",3,"2","1",1,0,0,0,3,4.5,15,0.277,1,-1,1,1,0,0,0,1,0,0,0,0,0,0,0,1,0
"FT",19,"1","0",4,"0","0",1,0,0,0,-3,1.93,14,0.153,5,-1,1,0,0,0,1,0,0,0,0,1,0,0,0,0,0
"FT",8,"1","0",2,"0","0",1,1,0,0,2,3.86,17,0.222,1,1,2,1,0,0,1,0,0,0,0,1,0,0,0,0,0
"CU",18,"1","1",5,"1","2",0,0,0,0,-1,3.52,1,0.158,0,1,2,2,6,0,0,0,0,1,0,0,0,0,0,1,0
"FT",3,"1","1",1,"0","0",1,0,0,0,0,3.5,32,0.244,10,1,1,1,0,0,1,0,0,0,0,1,0,0,0,0,0
"CU",10,"1","0",3,"0","0",0,0,0,0,0,1.38,6,0.214,2,-1,0,0,0,0,1,0,0,0,0,1,0,0,0,0,0
"FT",2,"1","1",1,"2","2",1,0,0,0,0,3,13,0.229,3,1,3,2,0,0,0,0,0,0,1,0,0,0,0,1,0
"FF",17,"1","0",4,"0","0",2,0,0,0,-1,3.52,28,0.254,6,1,2,2,0,0,1,0,0,0,0,1,0,0,0,0,0
"FT",10,"1","1",2,"0","2",1,0,1,0,-3,3.39,35,0.342,12,1,4,4,0,0,0,0,0,0,1,0,0,0,0,1,0
"FT",4,"1","1",1,"0","0",1,1,0,1,4,3.27,89,0.24,30,-1,3,4,0,0,1,0,0,0,0,1,0,0,0,0,0
"CU",21,"1","1",6,"0","0",0,0,0,0,1,3.86,44,0.313,13,1,2,1,0,0,1,0,0,0,0,1,0,0,0,0,0
"FF",10,"1","0",3,"0","1",1,0,0,0,2,0,3,0.22,1,1,0,0,0,0,0,0,0,0,1,1,0,0,0,0,0
"FF",6,"1","1",2,"0","0",1,0,0,0,3,4.5,30,0.29,10,-1,1,1,0,0,1,0,0,0,0,1,0,0,0,0,0
"FT",13,"1","1",4,"0","0",1,0,0,0,0,0,0,0.25,0,-1,0,0,0,0,1,0,0,0,0,1,0,0,0,0,0
"FT",7,"1","0",2,"2","2",1,1,0,0,0,3.5,26,0.192,6,1,1,1,0,0,0,0,0,1,0,0,0,0,0,1,0
"FT",24,"1","1",7,"2","2",0,0,0,0,0,0,0,0,0,-1,0,0,0,0,0,0,0,1,0,0,0,1,0,0,0
"CU",10,"1","0",3,"0","0",1,0,1,0,1,3.29,8,0.266,1,1,2,2,0,0,1,0,0,0,0,1,0,0,0,0,0
"FT",7,"1","0",2,"3","2",0,0,1,0,0,3.49,30,0.193,6,1,4,4,0,0,0,1,0,0,0,0,0,1,0,0,0
"FT",14,"1","0",4,"2","0",1,0,0,0,3,3.29,23,0.213,10,1,2,2,0,0,0,1,0,0,0,0,0,0,0,1,0
"FT",18,"1","1",4,"0","1",0,0,0,0,-3,1.93,0,0.083,0,-1,1,0,4,6,0,0,0,0,1,1,0,0,0,0,0
"CU",3,"1","1",1,"1","2",0,1,0,1,0,1.93,46,0.274,16,-1,1,0,0,0,0,0,0,1,0,0,0,1,0,0,0
"CU",30,"1","0",7,"0","0",2,1,1,1,-1,1.38,3,0.273,1,-1,0,0,0,0,1,0,0,0,0,1,0,0,0,0,0
"FT",22,"1","1",6,"0","0",2,0,0,0,-2,3,86,0.272,18,1,3,2,0,0,1,0,0,0,0,1,0,0,0,0,0
"FT",14,"1","0",4,"0","0",1,1,0,0,2,0,3,0.296,1,1,0,0,0,0,1,0,0,0,0,1,0,0,0,0,0
"FT",7,"1","1",2,"1","1",0,0,0,0,-1,1.93,35,0.231,5,-1,1,0,0,0,0,0,0,0,1,0,0,0,0,1,0
"FF",23,"1","0",6,"0","1",1,1,1,0,-1,3.6,33,0.213,9,-1,2,1,0,0,0,0,1,0,0,1,0,0,0,0,0
"FT",3,"1","0",1,"2","2",0,1,0,0,0,4.5,54,0.303,19,-1,1,1,0,0,0,0,1,0,0,0,0,0,0,1,0
"FF",13,"1","1",4,"0","0",2,0,0,0,5,4.5,53,0.284,20,-1,1,1,0,0,1,0,0,0,0,1,0,0,0,0,0
"FT",8,"1","1",3,"0","0",0,0,0,0,0,4.5,10,0.205,1,-1,0,0,0,0,1,0,0,0,0,1,0,0,0,0,0
"FT",6,"1","0",2,"3","2",0,0,0,0,0,3.39,17,0.275,7,1,4,4,0,0,0,0,0,0,1,0,0,0,0,1,0
"CU",16,"1","0",5,"0","1",0,0,0,0,4,3.29,0,0,0,1,2,2,0,0,0,0,0,1,0,1,0,0,0,0,0
"FF",21,"1","0",6,"1","1",0,0,0,0,1,2.85,61,0.282,14,-1,3,2,0,0,0,0,1,0,0,0,0,0,0,1,0
"CU",6,"1","1",2,"2","2",2,0,0,0,1,3.29,4,0.212,2,1,2,2,0,0,0,1,0,0,0,0,0,0,0,1,0
"CU",15,"1","1",3,"0","1",1,0,0,0,-4,2.92,15,0.236,4,-1,3,3,0,0,0,0,0,0,1,1,0,0,0,0,0
"CU",16,"1","0",5,"0","1",0,0,1,0,7,4.5,33,0.241,11,-1,1,1,0,0,0,0,0,1,0,1,0,0,0,0,0
"FT",10,"1","0",3,"3","1",1,0,1,0,1,3.29,8,0.266,1,1,2,2,0,0,0,0,0,1,0,0,0,1,0,0,0
"CU",25,"1","1",6,"0","1",2,0,1,0,1,3.52,50,0.239,17,1,2,2,0,0,0,0,0,1,0,1,0,0,0,0,0
"CU",15,"1","1",5,"0","0",0,0,0,0,0,4.5,5,0.25,1,-1,0,0,0,0,1,0,0,0,0,1,0,0,0,0,0
"FT",1,"1","1",1,"3","2",0,0,0,0,0,3,72,0.265,25,1,3,2,0,0,0,0,0,1,0,0,0,0,0,1,0
"FF",18,"1","1",5,"2","0",2,0,0,0,4,3.29,2,0.077,0,1,2,2,4,7,0,0,0,0,1,0,0,0,0,1,0
"FT",8,"1","1",2,"2","0",0,0,0,0,-2,1.93,18,0.254,5,-1,1,0,0,0,0,0,0,0,1,0,0,0,0,1,0
"FT",21,"1","0",5,"0","0",2,0,0,0,1,3.25,47,0.25,14,1,3,4,0,0,1,0,0,0,0,1,0,0,0,0,0
"FF",22,"1","1",6,"1","1",0,1,1,0,-1,3.6,58,0.217,23,-1,2,1,0,0,0,0,1,0,0,0,0,0,1,0,0
"FT",6,"1","1",2,"0","0",0,0,0,0,-2,3.6,9,0.182,4,-1,2,1,0,0,1,0,0,0,0,1,0,0,0,0,0
"FT",20,"1","1",5,"1","1",1,0,0,0,1,3.25,75,0.276,20,1,3,4,0,0,0,0,0,1,0,0,0,0,0,1,0
"CU",15,"1","0",4,"0","2",1,0,0,0,-1,3.44,37,0.235,9,1,2,1,0,0,0,0,1,0,0,0,0,1,0,0,0
"FF",15,"1","0",4,"0","2",1,0,0,0,0,1.38,5,0.289,0,-1,0,0,0,0,0,0,1,0,0,0,0,0,0,1,0
"FT",23,"1","0",7,"3","1",0,0,0,0,-2,3,8,0.196,3,1,3,2,0,0,0,0,0,1,0,0,0,0,0,1,0
"CU",15,"1","0",3,"0","1",0,0,0,0,-4,1.93,15,0.2,3,-1,1,0,0,0,0,0,0,1,0,1,0,0,0,0,0
"FF",16,"1","0",5,"0","0",0,0,1,0,7,4.5,33,0.241,11,-1,1,1,0,0,1,0,0,0,0,1,0,0,0,0,0
"CU",18,"1","1",6,"0","1",0,0,0,0,2,4.5,6,0.292,2,-1,0,0,0,0,0,0,0,0,1,1,0,0,0,0,0
"CU",3,"1","1",1,"0","2",2,0,0,0,0,3,82,0.365,20,1,3,2,0,0,0,0,1,0,0,0,0,1,0,0,0
"CU",25,"1","1",6,"0","1",2,0,0,1,0,2.85,50,0.287,13,-1,3,2,0,0,0,0,0,0,1,1,0,0,0,0,0
"CU",18,"1","1",6,"0","0",0,0,0,0,0,3.39,15,0.197,6,1,3,3,0,0,1,0,0,0,0,1,0,0,0,0,0
"FF",13,"1","0",4,"0","0",0,0,0,0,0,3.49,72,0.27,15,1,4,4,0,0,1,0,0,0,0,1,0,0,0,0,0
"CU",8,"1","1",3,"0","2",0,0,0,0,0,4.5,10,0.205,1,-1,0,0,0,0,0,0,0,0,1,0,0,0,0,1,0
"FF",23,"1","0",7,"3","0",0,0,0,0,-2,3,8,0.196,3,1,3,2,0,0,0,0,0,0,1,0,0,0,0,1,0
"FT",9,"1","1",3,"2","2",1,0,0,0,-1,0,0,1,0,1,0,0,0,0,0,0,0,0,1,0,0,0,0,1,0
"FT",1,"1","0",1,"0","0",0,0,0,0,0,1.93,14,0.153,5,-1,1,0,0,0,1,0,0,0,0,1,0,0,0,0,0
"CU",9,"1","1",3,"0","2",0,0,0,0,0,3.39,15,0.197,6,1,3,3,0,0,0,0,0,0,1,0,0,0,0,1,0
"FT",3,"1","0",1,"2","2",0,1,0,0,0,3.52,54,0.289,18,1,2,2,0,0,0,0,0,0,1,0,0,0,0,1,0
"CU",3,"1","0",1,"1","2",2,0,0,0,0,3.29,48,0.296,11,1,2,2,0,0,0,0,0,1,0,0,0,0,0,1,0
"FT",2,"1","0",1,"1","0",1,0,0,0,0,4.5,21,0.267,6,-1,0,0,0,0,0,0,0,0,1,1,0,0,0,0,0
"CU",18,"1","1",5,"0","2",0,0,0,0,0,2.85,7,0.146,0,-1,3,2,10,8,0,0,0,0,1,0,0,0,0,1,0
"CU",20,"1","0",6,"1","0",2,0,0,0,2,4.5,21,0.267,6,-1,0,0,0,0,0,0,1,0,0,1,0,0,0,0,0
"FT",4,"1","1",1,"0","1",0,0,1,1,-1,2.85,54,0.288,12,-1,3,2,0,0,0,0,0,0,1,1,0,0,0,0,0
"FF",12,"1","0",3,"1","1",1,0,0,0,0,3.25,47,0.25,14,1,3,4,0,0,0,1,0,0,0,0,1,0,0,0,0
"FT",5,"1","0",1,"3","2",1,1,1,0,-1,1.93,40,0.315,9,-1,1,0,0,0,0,0,1,0,0,0,0,0,1,0,0
"CU",10,"1","0",3,"1","2",2,0,0,0,3,4.5,26,0.263,11,-1,1,1,0,0,0,0,0,0,1,0,0,0,0,1,0
"FT",5,"1","0",2,"0","0",0,0,0,0,2,0,3,0.296,1,1,0,0,0,0,1,0,0,0,0,1,0,0,0,0,0
"FF",25,"1","0",7,"1","2",2,0,0,0,-2,3,29,0.213,9,1,3,2,0,0,0,0,1,0,0,0,0,1,0,0,0
"CU",8,"1","0",2,"1","2",0,0,1,0,0,3.25,17,0.268,3,1,3,4,0,0,0,0,1,0,0,0,0,0,1,0,0
"CU",1,"1","0",1,"1","1",0,0,0,0,0,3.6,38,0.299,8,-1,2,1,0,0,0,0,0,1,0,0,0,0,0,1,0
"FT",5,"1","0",2,"2","2",1,0,0,0,0,4.5,10,0.231,1,-1,0,0,0,0,0,0,0,0,1,0,0,0,0,1,0
"CU",23,"1","0",7,"0","0",0,0,0,0,0,0,0,0,0,-1,0,0,0,0,1,0,0,0,0,1,0,0,0,0,0
"CU",7,"1","1",2,"2","2",0,0,0,0,-1,1.93,35,0.231,5,-1,1,0,0,0,0,0,0,0,1,0,0,0,0,1,0
"FF",18,"1","1",4,"0","0",1,0,0,0,3,3.27,2,0.226,0,-1,3,4,0,0,1,0,0,0,0,1,0,0,0,0,0
"FT",4,"1","1",1,"0","0",2,1,1,0,0,4.5,53,0.284,20,-1,1,1,0,0,1,0,0,0,0,1,0,0,0,0,0
"FT",1,"1","0",1,"1","0",0,0,0,0,0,3.25,59,0.278,18,1,3,4,0,0,0,0,0,0,1,1,0,0,0,0,0
"FF",6,"1","0",2,"0","2",1,0,0,0,-1,0,5,0.211,2,1,0,0,0,0,0,0,0,1,0,0,0,1,0,0,0
"CU",3,"1","1",1,"2","1",0,0,1,0,-2,3.6,30,0.273,6,-1,2,1,0,0,0,0,1,0,0,0,0,0,0,1,0
"FT",4,"1","1",2,"0","0",0,0,0,0,0,3.39,48,0.274,13,1,3,3,0,0,1,0,0,0,0,1,0,0,0,0,0
"FT",2,"1","1",1,"2","2",1,0,0,0,0,3,13,0.229,3,1,3,2,0,0,0,0,0,0,1,0,0,1,0,0,0
"CU",4,"1","1",1,"1","2",1,1,1,0,0,3.52,71,0.248,26,1,2,2,0,0,0,0,0,0,1,0,0,1,0,0,0
"FT",6,"1","1",1,"1","0",2,0,0,1,-1,2.85,39,0.274,8,-1,3,2,0,0,0,0,0,0,1,1,0,0,0,0,0
"FT",8,"1","1",2,"0","0",2,0,0,0,-1,3.44,20,0.255,4,1,2,1,0,0,1,0,0,0,0,1,0,0,0,0,0
"FT",19,"1","1",5,"1","0",2,0,1,1,0,0,1,0.25,0,-1,0,0,0,0,0,0,1,0,0,1,0,0,0,0,0
"FT",23,"1","1",6,"0","1",0,0,0,0,1,3.52,40,0.268,6,1,2,2,0,0,0,0,1,0,0,1,0,0,0,0,0
"CU",14,"1","1",4,"0","0",0,0,0,0,0,1.38,8,0.271,1,-1,0,0,0,0,1,0,0,0,0,1,0,0,0,0,0
"CU",16,"1","1",4,"2","0",1,0,1,0,0,2.85,50,0.287,13,-1,3,2,0,0,0,0,0,0,1,0,0,0,1,0,0
"FT",12,"1","0",4,"1","2",0,0,0,0,0,3.39,42,0.263,10,1,3,3,0,0,0,0,0,1,0,0,0,1,0,0,0
"FT",27,"1","0",8,"0","0",2,1,0,0,4,4.5,29,0.233,9,-1,0,0,0,0,1,0,0,0,0,1,0,0,0,0,0
"CU",30,"1","0",7,"3","2",2,1,1,1,-1,1.38,3,0.273,1,-1,0,0,0,0,0,0,0,0,1,0,0,0,1,0,0
"FT",7,"1","1",2,"2","0",0,0,0,0,-1,3.52,50,0.239,17,1,2,2,0,0,0,0,0,0,1,0,0,1,0,0,0
"FT",3,"1","0",1,"0","0",0,1,0,0,0,3.52,54,0.289,18,1,2,2,0,0,1,0,0,0,0,1,0,0,0,0,0
"CU",10,"1","0",3,"0","1",0,0,0,0,0,2.85,39,0.263,6,-1,3,2,0,0,0,1,0,0,0,1,0,0,0,0,0
"CU",18,"1","1",6,"0","2",0,0,0,0,2,4.5,6,0.292,2,-1,0,0,0,0,0,0,0,0,1,0,0,0,1,0,0
"CU",17,"1","1",3,"0","2",2,0,1,0,-4,1.93,18,0.254,5,-1,1,0,0,0,0,0,0,0,1,0,0,1,0,0,0
"FF",15,"1","0",4,"2","1",0,0,0,0,3,3.5,32,0.239,13,1,1,1,0,0,0,0,0,1,0,0,1,0,0,0,0
"FT",14,"1","1",3,"0","0",2,0,0,0,2,3.5,13,0.242,3,1,1,1,0,0,1,0,0,0,0,1,0,0,0,0,0
"FT",17,"1","1",5,"2","0",1,1,0,0,7,4.5,20,0.227,7,-1,1,1,0,0,0,0,0,0,1,0,0,0,0,1,0
"CU",9,"1","1",2,"0","2",2,0,1,0,-2,3.6,1,0.143,0,-1,2,1,5,10,0,0,0,0,1,0,0,0,0,1,0
"CU",13,"1","0",4,"2","1",0,0,0,0,0,3.49,72,0.27,15,1,4,4,0,0,0,0,0,0,1,0,0,1,0,0,0
"FT",7,"1","1",2,"2","1",0,0,0,0,2,3.86,22,0.261,5,1,2,1,0,0,0,0,0,0,1,0,0,1,0,0,0
"FF",1,"1","0",1,"2","0",0,0,0,0,0,3.49,48,0.276,13,1,4,4,0,0,0,0,0,1,0,0,0,0,1,0,0
"CU",5,"1","0",2,"2","2",1,1,0,0,1,3.29,23,0.213,10,1,2,2,0,0,0,0,1,0,0,0,0,0,1,0,0
"CU",6,"1","1",2,"1","2",1,0,0,0,3,4.5,30,0.29,10,-1,1,1,0,0,0,0,0,0,1,0,0,0,0,1,0
"FT",17,"1","1",3,"0","0",2,1,0,0,-4,2.92,14,0.199,6,-1,3,3,0,0,1,0,0,0,0,1,0,0,0,0,0
"FT",18,"1","1",4,"0","0",0,0,0,0,-3,1.93,0,0.083,0,-1,1,0,4,6,1,0,0,0,0,1,0,0,0,0,0
"FT",16,"1","0",4,"2","0",1,0,0,0,3,3.5,26,0.192,6,1,1,1,0,0,0,0,0,0,1,0,0,1,0,0,0
"CU",9,"1","1",2,"1","0",2,1,0,1,0,3.49,7,0.27,2,1,4,4,18,7,0,0,0,0,1,1,0,0,0,0,0
"FT",22,"1","1",6,"0","0",2,0,1,0,-1,3.39,74,0.312,24,1,3,3,0,0,1,0,0,0,0,1,0,0,0,0,0
"FT",29,"1","1",7,"0","1",1,1,1,1,-1,1.38,7,0.25,2,-1,0,0,0,0,0,0,0,0,1,1,0,0,0,0,0
"FF",3,"1","1",1,"0","1",2,0,0,0,0,0,0,0.5,0,-1,0,0,0,0,0,0,0,1,0,1,0,0,0,0,0
"FT",14,"1","0",4,"3","0",1,0,0,0,3,3.29,23,0.213,10,1,2,2,0,0,0,0,0,0,1,0,1,0,0,0,0
"FT",6,"1","1",1,"2","2",2,0,0,1,-1,2.85,39,0.274,8,-1,3,2,0,0,0,0,1,0,0,0,0,1,0,0,0
"FF",20,"1","0",6,"1","1",0,0,0,0,-1,3.6,33,0.266,9,-1,2,1,0,0,0,0,1,0,0,0,0,1,0,0,0
"FF",14,"1","0",4,"0","0",2,1,0,0,0,4.5,10,0.231,1,-1,0,0,0,0,1,0,0,0,0,1,0,0,0,0,0
"FT",9,"1","1",2,"0","2",1,0,1,0,0,3.25,4,0.159,0,1,3,4,9,9,0,0,0,0,1,0,0,1,0,0,0
"CU",13,"1","1",3,"0","1",0,0,1,1,3,3.27,89,0.24,30,-1,3,4,0,0,0,0,1,0,0,1,0,0,0,0,0
"FF",5,"1","0",1,"0","2",2,0,0,0,-2,3.6,33,0.213,9,-1,2,1,0,0,0,0,0,0,1,0,0,0,0,1,0
"CU",2,"1","1",1,"1","1",1,0,0,0,0,3.39,66,0.248,20,1,4,4,0,0,0,0,0,0,1,0,0,0,0,1,0
"CU",5,"1","1",1,"0","2",2,1,1,0,0,3.86,52,0.224,22,1,2,1,0,0,0,0,1,0,0,0,0,1,0,0,0
"FT",11,"1","0",3,"2","2",1,0,0,0,2,0,26,0.244,8,1,0,0,0,0,0,0,0,1,0,0,1,0,0,0,0
"FF",12,"1","0",4,"2","2",0,0,0,0,0,3.39,42,0.263,10,1,3,3,0,0,0,0,0,0,1,0,0,0,1,0,0
"FT",20,"1","1",5,"1","2",1,1,0,0,-1,3.52,41,0.266,15,1,2,2,0,0,0,0,0,1,0,0,0,1,0,0,0
"CU",5,"1","0",2,"0","0",1,0,0,0,0,3,8,0.196,3,1,3,2,0,0,1,0,0,0,0,1,0,0,0,0,0
"FT",8,"1","1",3,"0","1",0,0,0,0,0,4.5,10,0.205,1,-1,0,0,0,0,0,0,0,0,1,1,0,0,0,0,0
"FT",9,"1","1",3,"1","1",1,0,0,0,-1,0,0,1,0,1,0,0,0,0,0,0,0,0,1,0,0,0,1,0,0
"FF",24,"1","0",5,"0","0",2,0,1,0,4,3.27,34,0.25,7,-1,3,4,0,0,1,0,0,0,0,1,0,0,0,0,0
"FT",1,"1","0",1,"0","0",0,0,0,0,0,3.86,33,0.302,6,1,2,1,0,0,1,0,0,0,0,1,0,0,0,0,0
"FF",18,"1","1",5,"0","0",2,0,0,0,3,3.49,7,0.27,2,1,4,4,18,7,1,0,0,0,0,1,0,0,0,0,0
"CU",2,"1","0",1,"0","1",1,0,0,0,0,0,3,0.25,1,-1,0,0,0,0,0,0,0,1,0,1,0,0,0,0,0
"CU",13,"1","0",3,"2","2",2,1,1,0,0,1.38,4,0.171,2,-1,0,0,0,0,0,0,0,0,1,0,0,0,0,1,0
"FF",14,"1","1",4,"0","1",0,0,0,0,-1,3.44,11,0.258,3,1,2,1,0,0,0,0,0,0,1,1,0,0,0,0,0
"CU",23,"1","1",6,"1","2",2,0,0,0,1,3.86,52,0.224,22,1,2,1,0,0,0,0,0,0,1,0,0,0,0,1,0
"FT",12,"1","0",4,"1","2",1,0,0,0,0,4.5,20,0.218,12,-1,0,0,0,0,0,1,0,0,0,0,0,0,1,0,0
"FT",4,"1","0",1,"0","0",1,1,0,0,0,3.5,32,0.267,6,1,1,1,0,0,1,0,0,0,0,1,0,0,0,0,0
"CU",5,"1","1",1,"0","0",2,1,1,0,0,3.86,52,0.224,22,1,2,1,0,0,1,0,0,0,0,1,0,0,0,0,0
"FT",18,"1","1",5,"0","1",0,0,0,0,-1,3.52,1,0.158,0,1,2,2,6,0,0,0,0,1,0,1,0,0,0,0,0
"CU",17,"1","0",4,"0","2",2,0,0,0,-1,3.52,28,0.254,6,1,2,2,0,0,0,0,1,0,0,0,0,0,1,0,0
"FT",23,"1","1",6,"1","1",1,1,0,0,-2,3.44,11,0.258,3,1,2,1,0,0,0,0,1,0,0,0,0,1,0,0,0
"CU",15,"1","0",4,"0","2",0,0,1,0,2,3.86,26,0.201,5,1,2,1,0,0,0,0,0,1,0,0,0,1,0,0,0
"FF",3,"1","0",1,"2","2",2,0,0,0,0,0,3,0.192,2,1,0,0,0,0,0,0,0,0,1,0,0,0,1,0,0
"CU",7,"1","0",2,"0","2",2,0,0,0,3,4.5,33,0.241,11,-1,1,1,0,0,0,0,0,0,1,0,0,0,0,1,0
"FF",2,"1","0",1,"0","2",1,1,0,0,0,3.44,33,0.29,10,1,2,1,0,0,0,0,1,0,0,0,0,0,1,0,0
"FF",14,"1","0",5,"3","0",0,0,0,0,0,3,8,0.196,3,1,3,2,0,0,0,0,0,0,1,0,0,1,0,0,0
"CU",12,"1","0",3,"3","2",1,0,0,0,-1,3.44,20,0.268,3,1,2,1,0,0,0,0,0,0,1,0,1,0,0,0,0
"CU",3,"1","1",1,"1","2",2,0,0,0,0,0,0,0.5,0,-1,0,0,0,0,0,0,1,0,0,0,0,0,0,1,0
"FF",22,"1","1",7,"0","2",1,1,0,0,2,4.5,40,0.282,16,-1,0,0,0,0,0,0,0,0,1,0,0,0,1,0,0
"CU",2,"1","0",1,"1","1",1,0,0,0,0,3.39,42,0.263,10,1,3,3,0,0,0,0,0,0,1,0,0,0,0,1,0
"CU",3,"1","1",1,"0","1",1,0,0,0,0,0,37,0.266,15,1,0,0,0,0,0,0,0,0,1,1,0,0,0,0,0
"FT",10,"1","0",3,"0","0",0,0,0,0,0,3.49,48,0.276,13,1,4,4,0,0,1,0,0,0,0,1,0,0,0,0,0
"FT",10,"1","0",3,"0","0",0,1,0,0,0,3.44,23,0.281,2,1,2,1,0,0,1,0,0,0,0,1,0,0,0,0,0
"CU",3,"1","0",1,"2","2",0,1,0,0,0,4.5,54,0.303,19,-1,1,1,0,0,0,0,0,0,1,0,0,1,0,0,0
"CU",2,"1","1",1,"0","1",1,0,0,0,0,3.29,69,0.278,22,1,2,2,0,0,0,0,0,0,1,1,0,0,0,0,0
"FT",20,"1","0",6,"0","0",0,0,0,0,-2,3.44,33,0.29,10,1,2,1,0,0,1,0,0,0,0,1,0,0,0,0,0
"FT",1,"1","0",1,"1","0",0,0,0,0,0,0,1,0.346,0,1,0,0,0,0,0,0,0,0,1,1,0,0,0,0,0
"FT",27,"1","1",8,"0","1",1,0,0,0,-2,3,0,0.5,0,1,3,2,0,0,0,0,1,0,0,1,0,0,0,0,0
"CU",14,"1","0",5,"1","0",0,0,0,0,0,3,8,0.196,3,1,3,2,0,0,0,1,0,0,0,1,0,0,0,0,0
"FF",13,"1","0",4,"3","2",0,0,0,0,2,0,25,0.278,13,1,0,0,0,0,0,0,0,0,1,0,0,1,0,0,0
"CU",7,"1","1",1,"0","0",1,0,1,0,-3,2.92,8,0.185,1,-1,3,3,0,0,1,0,0,0,0,1,0,0,0,0,0
"FT",15,"1","1",4,"1","0",2,1,0,0,3,3.29,4,0.212,2,1,2,2,0,0,0,0,1,0,0,1,0,0,0,0,0
"FT",6,"1","0",2,"3","2",0,1,0,0,2,0,19,0.257,5,1,0,0,0,0,0,0,0,0,1,0,0,0,0,1,0
"CU",10,"1","0",3,"1","2",0,0,0,0,4,3.5,25,0.262,5,1,1,1,0,0,0,1,0,0,0,0,0,0,0,1,0
"FT",16,"1","1",4,"1","0",1,0,1,0,0,2.85,50,0.287,13,-1,3,2,0,0,0,0,0,1,0,1,0,0,0,0,0
"FT",11,"1","0",3,"1","0",0,0,0,0,2,3.86,24,0.267,8,1,2,1,0,0,0,1,0,0,0,1,0,0,0,0,0
"CU",10,"1","0",3,"0","1",2,0,1,0,0,4.5,4,0.181,1,-1,0,0,0,0,0,0,0,1,0,1,0,0,0,0,0
"FT",10,"1","1",2,"0","0",1,0,1,0,-3,3.39,35,0.342,12,1,4,4,0,0,1,0,0,0,0,1,0,0,0,0,0
"FT",5,"1","1",1,"1","1",1,0,0,0,-2,2.92,71,0.225,30,-1,3,3,0,0,0,0,1,0,0,0,0,0,0,1,0
"FF",24,"1","1",7,"1","2",0,0,0,0,0,0,0,0,0,-1,0,0,0,0,0,0,1,0,0,0,0,0,0,1,0
"CU",5,"1","1",2,"1","2",0,0,0,0,-1,0,4,0.35,2,1,0,0,0,0,0,0,0,0,1,0,0,1,0,0,0
"FF",20,"1","1",5,"2","2",1,1,0,0,-1,3.52,41,0.266,15,1,2,2,0,0,0,0,1,0,0,0,0,0,1,0,0
"FF",13,"1","1",4,"0","1",0,0,0,0,0,2.85,54,0.288,12,-1,3,2,0,0,0,0,1,0,0,1,0,0,0,0,0
"FT",6,"1","0",1,"1","0",2,1,1,0,-1,3.52,11,0.227,2,1,2,2,0,0,0,0,0,1,0,1,0,0,0,0,0
"FT",7,"1","0",3,"0","0",0,0,0,0,0,3,29,0.213,9,1,3,2,0,0,1,0,0,0,0,1,0,0,0,0,0
"FF",16,"1","1",4,"1","0",0,1,0,0,0,3.25,22,0.245,7,1,3,4,0,0,0,0,1,0,0,1,0,0,0,0,0
"FT",3,"1","0",1,"2","2",0,0,0,1,4,3.27,85,0.318,24,-1,3,4,0,0,0,0,1,0,0,0,0,0,0,1,0
"FT",22,"1","0",6,"3","1",0,0,0,0,0,1.38,4,0.171,2,-1,0,0,0,0,0,0,1,0,0,0,0,0,0,1,0
"FT",25,"1","0",8,"1","0",0,0,0,0,4,4.5,3,0.255,1,-1,0,0,0,0,0,0,0,0,1,1,0,0,0,0,0
"FF",8,"1","0",2,"0","0",0,0,0,0,-1,3.52,28,0.254,6,1,2,2,0,0,1,0,0,0,0,1,0,0,0,0,0
"FT",3,"1","0",1,"0","0",2,0,0,0,0,4.5,20,0.218,12,-1,0,0,0,0,1,0,0,0,0,1,0,0,0,0,0
"FT",13,"1","0",4,"2","2",0,0,0,0,0,3.49,72,0.27,15,1,4,4,0,0,0,1,0,0,0,0,0,1,0,0,0
"CU",26,"1","1",8,"0","1",0,0,0,0,-2,3,10,0.219,3,1,3,2,0,0,0,0,0,0,1,1,0,0,0,0,0
"FT",9,"1","1",2,"1","0",2,1,0,0,0,3.5,0,0,0,1,1,1,0,0,0,0,0,0,1,1,0,0,0,0,0
"CU",22,"1","1",6,"0","0",0,0,0,0,1,3.52,71,0.248,26,1,2,2,0,0,1,0,0,0,0,1,0,0,0,0,0
"FF",1,"1","0",1,"0","1",0,0,0,0,0,3.6,38,0.299,8,-1,2,1,0,0,0,0,0,0,1,1,0,0,0,0,0
"FT",12,"1","0",3,"3","1",0,1,1,0,6,3.27,85,0.318,24,-1,3,4,0,0,0,0,0,0,1,0,0,0,0,1,0
"FF",19,"1","0",5,"2","2",1,0,0,0,1,3.86,33,0.302,6,1,2,1,0,0,0,0,0,0,1,0,0,1,0,0,0
"CU",19,"1","1",5,"1","2",2,0,1,1,0,0,1,0.25,0,-1,0,0,0,0,0,0,0,0,1,0,0,0,0,1,0
"CU",14,"1","1",3,"1","2",0,0,0,0,-4,2.92,71,0.225,30,-1,3,3,0,0,0,0,1,0,0,0,0,0,1,0,0
"CU",12,"1","1",4,"1","0",1,0,0,0,0,0,0,0.5,0,-1,0,0,0,0,0,0,0,1,0,1,0,0,0,0,0
"FT",17,"1","0",5,"1","0",1,0,0,0,3,3.49,31,0.213,7,1,4,4,0,0,0,0,0,0,1,1,0,0,0,0,0
"FF",22,"1","1",6,"0","1",0,0,0,0,1,2.85,54,0.288,12,-1,3,2,0,0,0,0,0,0,1,1,0,0,0,0,0
"FF",15,"1","1",4,"0","0",2,0,0,0,0,3.49,94,0.243,21,1,4,4,0,0,1,0,0,0,0,1,0,0,0,0,0
"CU",3,"1","0",1,"1","1",2,0,0,0,0,0,3,0.192,2,1,0,0,0,0,0,0,0,0,1,0,0,0,0,1,0
"FT",8,"1","0",3,"3","2",0,0,0,0,-1,0,0,0.25,0,1,0,0,0,0,0,0,0,0,1,0,1,0,0,0,0
"FT",6,"1","1",2,"1","0",0,0,0,0,-2,3.6,9,0.182,4,-1,2,1,0,0,0,0,0,0,1,1,0,0,0,0,0
"FT",11,"1","0",3,"0","0",1,0,0,0,-2,3.6,33,0.266,9,-1,2,1,0,0,1,0,0,0,0,1,0,0,0,0,0
"CU",22,"1","1",6,"1","0",0,0,0,0,-1,0,6,0.333,2,1,0,0,0,0,0,0,0,0,1,1,0,0,0,0,0
"FT",2,"1","0",1,"1","0",0,1,0,0,0,3.6,33,0.266,9,-1,2,1,0,0,0,0,0,0,1,1,0,0,0,0,0
"FT",7,"1","0",2,"0","0",0,1,0,0,-2,3.6,17,0.209,1,-1,2,1,0,0,1,0,0,0,0,1,0,0,0,0,0
"CU",22,"1","1",5,"1","2",2,0,0,0,0,3.39,78,0.271,18,1,4,4,0,0,0,0,0,0,1,0,1,0,0,0,0
"FT",9,"1","0",3,"0","0",1,0,0,0,0,0,0,0.667,0,-1,0,0,0,0,1,0,0,0,0,1,0,0,0,0,0
"FT",1,"1","0",1,"2","2",0,0,0,0,0,3.52,15,0.252,3,1,2,2,0,0,0,0,1,0,0,0,0,0,1,0,0
"FT",10,"1","0",3,"1","0",0,0,0,0,4,3.5,25,0.262,5,1,1,1,0,0,0,0,0,0,1,1,0,0,0,0,0
"FT",14,"1","0",3,"0","0",0,0,0,0,-4,1.93,40,0.315,9,-1,1,0,0,0,1,0,0,0,0,1,0,0,0,0,0
"CU",7,"1","0",3,"1","2",0,0,0,0,0,0,0,0.333,0,-1,0,0,0,0,0,0,0,1,0,0,1,0,0,0,0
"CU",23,"1","1",6,"1","2",1,1,0,0,-2,3.44,11,0.258,3,1,2,1,0,0,0,0,0,0,1,0,0,1,0,0,0
"CU",3,"1","1",1,"1","1",0,0,1,0,-2,3.6,30,0.273,6,-1,2,1,0,0,0,0,0,0,1,0,0,1,0,0,0
"FF",22,"1","1",6,"2","0",1,1,1,0,7,4.5,53,0.284,20,-1,1,1,0,0,0,0,0,0,1,0,0,0,0,1,0
"FT",4,"1","1",2,"2","2",0,0,0,0,0,3,86,0.272,18,1,3,2,0,0,0,0,0,0,1,0,0,1,0,0,0
"CU",8,"1","0",2,"0","0",0,0,1,0,0,3.25,17,0.268,3,1,3,4,0,0,1,0,0,0,0,1,0,0,0,0,0
"FT",5,"1","0",2,"0","0",1,1,0,0,1,3.29,23,0.213,10,1,2,2,0,0,1,0,0,0,0,1,0,0,0,0,0
"CU",23,"1","1",5,"0","0",1,0,0,0,4,3.27,57,0.29,10,-1,3,4,0,0,1,0,0,0,0,1,0,0,0,0,0
"FF",17,"1","1",4,"1","2",2,0,0,0,0,0,7,0.167,2,1,0,0,0,0,0,0,1,0,0,0,0,0,1,0,0
"CU",2,"1","1",1,"1","0",1,1,0,0,0,1.38,7,0.25,2,-1,0,0,0,0,0,0,0,0,1,1,0,0,0,0,0
"FT",14,"1","1",4,"0","0",0,0,0,0,2,3.86,52,0.224,22,1,2,1,0,0,1,0,0,0,0,1,0,0,0,0,0
"CU",16,"1","0",4,"0","0",1,0,0,0,3,3.5,26,0.192,6,1,1,1,0,0,1,0,0,0,0,1,0,0,0,0,0
"FT",13,"1","1",4,"2","0",1,0,0,0,0,4.5,40,0.282,16,-1,0,0,0,0,0,0,0,0,1,0,0,1,0,0,0
"CU",24,"1","1",7,"2","2",2,0,0,0,4,3.29,4,0.212,2,1,2,2,0,0,0,0,0,1,0,0,0,1,0,0,0
"FT",6,"1","0",2,"2","2",0,0,0,0,0,3.39,17,0.275,7,1,4,4,0,0,0,0,0,0,1,0,1,0,0,0,0
"FT",22,"1","1",6,"0","0",0,0,0,0,-1,0,6,0.333,2,1,0,0,0,0,1,0,0,0,0,1,0,0,0,0,0
"FF",1,"1","0",1,"1","0",0,0,0,0,0,3.49,48,0.276,13,1,4,4,0,0,0,0,0,1,0,1,0,0,0,0,0
"CU",7,"1","0",3,"1","2",0,0,0,0,0,3,29,0.213,9,1,3,2,0,0,0,0,0,0,1,0,1,0,0,0,0
"FF",1,"1","1",1,"0","0",0,0,0,0,1,2.92,15,0.235,6,-1,3,3,0,0,1,0,0,0,0,1,0,0,0,0,0
"FT",9,"1","0",3,"1","1",2,0,0,0,0,3,2,0.333,0,1,3,2,11,8,0,0,0,1,0,0,0,0,0,1,0
"CU",2,"1","0",1,"1","2",1,0,0,0,0,3.44,33,0.29,10,1,2,1,0,0,0,0,0,1,0,0,0,1,0,0,0
"FT",7,"1","0",2,"1","0",2,0,0,0,-1,0,5,0.133,2,1,0,0,0,0,0,0,0,0,1,1,0,0,0,0,0
"CU",12,"1","0",3,"0","0",1,0,0,0,-1,3.44,20,0.268,3,1,2,1,0,0,1,0,0,0,0,1,0,0,0,0,0
"FT",7,"1","1",2,"3","2",0,0,1,0,0,3.25,22,0.245,7,1,3,4,0,0,0,0,1,0,0,0,0,0,0,1,0
"CU",20,"1","1",5,"1","2",1,1,0,0,-1,3.52,41,0.266,15,1,2,2,0,0,0,0,1,0,0,0,0,0,0,1,0
"FT",1,"1","1",1,"0","2",0,0,0,0,4,3.27,18,0.32,2,-1,3,4,0,0,0,0,0,0,1,0,0,0,1,0,0
"CU",21,"1","0",5,"0","0",0,0,0,0,4,3.27,85,0.318,24,-1,3,4,0,0,1,0,0,0,0,1,0,0,0,0,0
"FF",12,"1","0",4,"1","2",0,0,0,0,0,3.39,42,0.263,10,1,3,3,0,0,0,0,1,0,0,0,0,0,0,1,0
"FT",2,"1","0",1,"0","0",1,0,0,0,0,3.39,42,0.263,10,1,3,3,0,0,1,0,0,0,0,1,0,0,0,0,0
"CU",28,"1","0",7,"2","0",0,0,1,1,-1,1.38,6,0.214,2,-1,0,0,0,0,0,0,0,0,1,0,0,0,0,1,0
"FT",6,"1","1",2,"1","0",0,1,0,0,0,3.49,94,0.243,21,1,4,4,0,0,0,0,0,1,0,1,0,0,0,0,0
"FT",13,"1","0",4,"0","0",1,0,0,0,3,3.29,22,0.284,7,1,2,2,0,0,1,0,0,0,0,1,0,0,0,0,0
"FT",4,"1","0",2,"0","0",0,0,0,0,1,3.29,22,0.284,7,1,2,2,0,0,1,0,0,0,0,1,0,0,0,0,0
"FT",22,"1","1",6,"3","1",1,1,1,0,7,4.5,53,0.284,20,-1,1,1,0,0,0,0,1,0,0,0,0,0,1,0,0
"FT",5,"1","1",2,"1","2",0,0,0,0,0,3.39,79,0.303,21,1,4,4,0,0,0,0,0,0,1,0,0,0,0,1,0
"FF",17,"1","1",3,"1","2",2,0,1,0,-4,1.93,18,0.254,5,-1,1,0,0,0,0,0,1,0,0,0,0,1,0,0,0
"FT",8,"1","0",2,"1","1",0,0,1,0,-3,3.39,67,0.213,22,1,4,4,0,0,0,0,0,1,0,0,1,0,0,0,0
"FT",6,"1","1",2,"3","2",1,0,0,0,3,4.5,30,0.29,10,-1,1,1,0,0,0,0,0,0,1,0,0,1,0,0,0
"FF",21,"1","0",5,"0","0",2,0,1,0,-1,3.52,54,0.289,18,1,2,2,0,0,1,0,0,0,0,1,0,0,0,0,0
"CU",20,"1","0",5,"1","2",2,0,0,0,0,2.85,40,0.292,8,-1,3,2,0,0,0,0,1,0,0,0,0,1,0,0,0
"FF",24,"1","0",6,"0","0",1,1,0,0,1,3.52,11,0.227,2,1,2,2,0,0,1,0,0,0,0,1,0,0,0,0,0
"FT",17,"1","1",5,"1","0",1,1,0,0,7,4.5,20,0.227,7,-1,1,1,0,0,0,0,0,0,1,1,0,0,0,0,0
"FT",3,"1","1",1,"0","0",1,0,0,0,0,0,37,0.266,15,1,0,0,0,0,1,0,0,0,0,1,0,0,0,0,0
"FT",1,"1","0",1,"0","1",0,0,0,0,0,1.38,6,0.214,2,-1,0,0,0,0,0,0,0,0,1,1,0,0,0,0,0
"FT",14,"1","0",4,"2","1",0,0,0,0,-1,3.6,33,0.213,9,-1,2,1,0,0,0,0,0,1,0,0,1,0,0,0,0
"CU",16,"1","0",5,"1","2",0,0,0,0,4,3.29,0,0,0,1,2,2,0,0,0,1,0,0,0,0,0,1,0,0,0
"FF",9,"1","1",3,"0","0",1,0,0,0,-1,0,0,1,0,1,0,0,0,0,1,0,0,0,0,1,0,0,0,0,0
"FT",10,"1","1",3,"0","0",1,1,0,0,0,3.39,0,0.2,0,1,3,3,7,3,1,0,0,0,0,1,0,0,0,0,0
"CU",12,"1","0",3,"0","2",0,0,0,0,-1,3.52,54,0.289,18,1,2,2,0,0,0,1,0,0,0,0,0,1,0,0,0
"CU",2,"1","0",1,"1","2",1,0,0,0,0,3.39,42,0.263,10,1,3,3,0,0,0,0,1,0,0,0,0,0,0,1,0
"CU",30,"1","0",7,"0","2",2,1,1,1,-1,1.38,3,0.273,1,-1,0,0,0,0,0,0,0,0,1,0,0,1,0,0,0
"CU",20,"1","1",5,"2","1",2,0,1,0,0,1.38,7,0.25,2,-1,0,0,0,0,0,0,1,0,0,0,0,1,0,0,0
"FT",7,"1","1",2,"0","0",1,0,0,0,4,3.27,64,0.251,20,-1,3,4,0,0,1,0,0,0,0,1,0,0,0,0,0
"FT",16,"1","1",5,"2","1",1,0,0,0,0,3.39,15,0.235,4,1,3,3,0,0,0,0,0,0,1,0,0,1,0,0,0
"CU",4,"1","1",1,"0","1",1,1,0,0,0,3.86,45,0.303,12,1,2,1,0,0,0,0,0,0,1,1,0,0,0,0,0
"FF",10,"1","0",2,"0","0",2,0,1,0,0,3.25,59,0.278,18,1,3,4,0,0,1,0,0,0,0,1,0,0,0,0,0
"CU",11,"1","0",4,"1","0",0,0,0,0,0,0,3,0.25,1,-1,0,0,0,0,0,0,1,0,0,1,0,0,0,0,0
"CU",27,"1","1",8,"0","2",1,0,0,0,-2,3,0,0.5,0,1,3,2,0,0,0,0,0,0,1,0,0,0,0,1,0
"FT",17,"1","0",4,"0","0",0,0,0,0,3,3.27,42,0.252,7,-1,3,4,0,0,1,0,0,0,0,1,0,0,0,0,0
"FF",1,"1","0",1,"2","2",0,0,0,0,0,3.49,48,0.276,13,1,4,4,0,0,0,0,1,0,0,0,0,0,1,0,0
"CU",5,"1","1",1,"1","0",2,1,0,1,0,1.38,8,0.271,1,-1,0,0,0,0,0,0,1,0,0,1,0,0,0,0,0
"FT",22,"1","1",6,"2","0",2,0,0,0,-2,3,86,0.272,18,1,3,2,0,0,0,0,0,0,1,0,0,0,0,1,0
"FT",12,"1","0",4,"0","1",1,0,0,0,5,4.5,54,0.303,19,-1,1,1,0,0,0,1,0,0,0,1,0,0,0,0,0
"FF",11,"1","1",3,"0","2",2,1,1,0,1,3.29,69,0.278,22,1,2,2,0,0,0,0,1,0,0,0,0,0,0,1,0
"FT",7,"1","0",3,"1","1",0,0,0,0,0,3,29,0.213,9,1,3,2,0,0,0,1,0,0,0,0,0,0,0,1,0
"FT",3,"1","0",1,"1","0",2,0,0,0,0,4.5,20,0.218,12,-1,0,0,0,0,0,0,0,0,1,1,0,0,0,0,0
"FF",15,"1","0",4,"0","2",0,0,0,0,-1,3.52,11,0.227,2,1,2,2,0,0,0,0,0,1,0,0,0,1,0,0,0
"FT",3,"1","1",1,"0","0",0,1,0,0,1,2.92,74,0.318,24,-1,3,3,0,0,1,0,0,0,0,1,0,0,0,0,0
"FF",11,"1","1",4,"1","1",1,0,0,0,0,3,13,0.229,3,1,3,2,0,0,0,0,0,0,1,0,0,0,0,1,0
"FF",3,"1","1",1,"0","0",2,0,0,0,0,0,0,0.5,0,-1,0,0,0,0,1,0,0,0,0,1,0,0,0,0,0
"CU",2,"1","1",1,"1","2",1,0,0,0,0,3.39,66,0.248,20,1,4,4,0,0,0,0,1,0,0,0,0,0,0,1,0
"FT",12,"1","0",3,"3","2",1,1,0,0,0,1.38,3,0.273,1,-1,0,0,0,0,0,0,1,0,0,0,0,0,0,1,0
"CU",8,"1","0",2,"0","1",1,0,0,0,0,2.85,41,0.245,7,-1,3,2,0,0,0,0,1,0,0,1,0,0,0,0,0
"FT",9,"1","0",3,"0","0",2,0,0,0,0,3,2,0.333,0,1,3,2,11,8,1,0,0,0,0,1,0,0,0,0,0
"CU",13,"1","1",3,"0","0",2,0,0,0,0,3.25,46,0.296,7,1,3,4,0,0,1,0,0,0,0,1,0,0,0,0,0
"CU",10,"1","1",2,"1","1",0,0,0,0,-3,2.92,15,0.235,6,-1,3,3,0,0,0,0,0,0,1,0,0,0,0,1,0
"FT",2,"1","1",1,"2","1",1,0,0,0,0,0,1,0.259,0,1,0,0,0,0,0,0,1,0,0,0,0,0,0,1,0
"FT",8,"1","1",2,"0","1",2,1,1,0,2,0,7,0.167,2,1,0,0,0,0,0,0,1,0,0,1,0,0,0,0,0
"FT",24,"1","0",7,"1","1",0,0,0,0,0,1.38,5,0.289,0,-1,0,0,0,0,0,0,0,0,1,0,0,0,0,1,0
"CU",8,"1","0",3,"0","1",0,0,0,0,-1,0,0,0.25,0,1,0,0,0,0,0,0,0,0,1,1,0,0,0,0,0
"FT",7,"1","1",2,"3","2",0,0,1,0,0,3.25,22,0.245,7,1,3,4,0,0,0,0,1,0,0,0,0,0,0,1,0
"FT",2,"1","0",1,"3","1",0,1,0,0,1,2.85,40,0.292,8,-1,3,2,0,0,0,0,0,1,0,0,0,0,0,1,0
"FT",21,"1","0",6,"0","0",0,0,0,0,1,2.85,61,0.282,14,-1,3,2,0,0,1,0,0,0,0,1,0,0,0,0,0
"FT",13,"1","0",4,"2","2",0,0,0,0,2,0,25,0.278,13,1,0,0,0,0,0,0,1,0,0,0,0,0,1,0,0
"FF",28,"1","1",8,"0","0",2,0,0,0,-2,3,72,0.265,25,1,3,2,0,0,1,0,0,0,0,1,0,0,0,0,0
"FF",25,"1","1",6,"0","2",2,0,1,0,1,3.52,50,0.239,17,1,2,2,0,0,0,0,1,0,0,0,0,0,1,0,0
"CU",5,"1","0",1,"2","2",2,0,0,1,-1,3.25,61,0.25,25,1,3,4,0,0,0,1,0,0,0,0,1,0,0,0,0
"CU",2,"1","1",1,"0","2",1,0,0,0,0,3,13,0.229,3,1,3,2,0,0,0,0,0,0,1,0,0,1,0,0,0
"CU",6,"1","1",2,"0","0",0,0,0,0,1,3.25,56,0.233,22,1,3,4,0,0,1,0,0,0,0,1,0,0,0,0,0
"FT",4,"1","1",2,"0","1",0,0,0,0,0,3.39,48,0.274,13,1,3,3,0,0,0,0,0,0,1,1,0,0,0,0,0
"CU",9,"1","1",2,"0","2",1,0,1,0,0,3.25,4,0.159,0,1,3,4,9,9,0,0,0,0,1,0,0,0,0,1,0
"FT",12,"1","0",4,"0","1",0,0,0,0,0,3.39,42,0.263,10,1,3,3,0,0,0,0,1,0,0,1,0,0,0,0,0
"FF",17,"1","0",5,"0","0",0,1,0,1,0,0,1,0.25,0,-1,0,0,0,0,1,0,0,0,0,1,0,0,0,0,0
"CU",24,"1","1",8,"0","1",0,0,0,0,4,4.5,5,0.25,1,-1,0,0,0,0,0,0,0,0,1,1,0,0,0,0,0
"FT",1,"1","1",1,"2","2",0,0,0,0,0,0,1,0.25,0,-1,0,0,0,0,0,0,1,0,0,0,0,0,0,1,0
"FT",6,"1","0",2,"0","1",0,0,0,0,0,3.5,32,0.239,13,1,1,1,0,0,0,0,0,1,0,1,0,0,0,0,0
"FF",17,"1","0",4,"0","2",2,0,0,0,1,3.86,17,0.222,1,1,2,1,0,0,0,0,1,0,0,0,0,0,0,1,0
"FT",3,"1","0",1,"1","0",1,0,0,0,-1,3.44,20,0.268,3,1,2,1,0,0,0,0,0,0,1,1,0,0,0,0,0
"CU",8,"1","1",3,"0","0",0,0,0,0,0,3.39,10,0.189,2,1,3,3,0,0,1,0,0,0,0,1,0,0,0,0,0
"FT",14,"1","1",3,"0","0",2,0,0,0,-1,3.52,40,0.268,6,1,2,2,0,0,1,0,0,0,0,1,0,0,0,0,0
"FT",3,"1","0",1,"2","0",0,1,0,1,-1,3.25,47,0.25,14,1,3,4,0,0,0,1,0,0,0,0,0,0,1,0,0
"FT",6,"1","1",2,"3","2",2,0,0,0,1,3.29,4,0.212,2,1,2,2,0,0,0,0,1,0,0,0,1,0,0,0,0
"FT",20,"1","0",4,"0","1",2,0,1,0,3,3.27,0,0.462,0,-1,3,4,0,0,0,0,0,0,1,1,0,0,0,0,0
"FT",5,"1","1",1,"0","1",2,1,0,0,-1,3.44,11,0.258,3,1,2,1,0,0,0,0,1,0,0,1,0,0,0,0,0
"FF",19,"1","0",6,"1","0",0,0,0,0,6,3.49,48,0.276,13,1,4,4,0,0,0,0,0,0,1,1,0,0,0,0,0
"FT",16,"1","1",4,"2","0",0,1,0,0,0,3.25,22,0.245,7,1,3,4,0,0,0,0,0,1,0,0,0,1,0,0,0
"FT",16,"1","0",5,"0","0",0,1,0,0,0,0,0,0.333,0,-1,0,0,0,0,1,0,0,0,0,1,0,0,0,0,0
"FF",6,"1","0",1,"1","0",2,1,1,0,-1,1.93,15,0.2,3,-1,1,0,0,0,0,0,0,0,1,1,0,0,0,0,0
"CU",12,"1","1",2,"1","2",2,0,0,0,-3,2.92,74,0.318,24,-1,3,3,0,0,0,0,0,1,0,0,0,1,0,0,0
"CU",24,"1","0",6,"3","1",1,1,0,0,1,3.52,11,0.227,2,1,2,2,0,0,0,0,0,1,0,0,0,0,1,0,0
"FT",1,"1","0",1,"0","0",0,0,0,0,0,3.5,25,0.262,5,1,1,1,0,0,1,0,0,0,0,1,0,0,0,0,0
"FF",22,"1","1",6,"0","2",1,0,0,0,1,3.86,45,0.303,12,1,2,1,0,0,0,0,1,0,0,0,0,1,0,0,0
"CU",16,"1","0",5,"0","0",0,0,0,0,-1,0,5,0.133,2,1,0,0,0,0,1,0,0,0,0,1,0,0,0,0,0
"FF",7,"1","0",3,"1","2",0,0,0,0,0,0,0,0.333,0,-1,0,0,0,0,0,1,0,0,0,0,1,0,0,0,0
"FT",14,"1","1",3,"0","0",1,0,0,0,3,3.27,57,0.29,10,-1,3,4,0,0,1,0,0,0,0,1,0,0,0,0,0
"CU",13,"1","1",4,"2","2",1,0,0,0,0,0,0,0.25,0,-1,0,0,0,0,0,0,1,0,0,0,1,0,0,0,0
"FT",3,"1","0",1,"2","2",1,0,0,0,-1,3.49,105,0.292,31,1,4,4,0,0,0,0,0,0,1,0,0,1,0,0,0
"FT",10,"1","1",3,"1","0",0,0,0,0,6,3.27,18,0.32,2,-1,3,4,0,0,0,0,0,0,1,1,0,0,0,0,0
"FT",7,"1","0",2,"2","0",0,1,0,0,-2,3.6,17,0.209,1,-1,2,1,0,0,0,1,0,0,0,0,0,0,0,1,0
"CU",15,"1","1",5,"1","2",0,0,1,0,8,4.5,30,0.29,10,-1,1,1,0,0,0,0,0,0,1,0,0,1,0,0,0
"FT",24,"1","1",6,"2","1",2,0,1,1,-1,3.6,9,0.182,4,-1,2,1,0,0,0,0,0,0,1,0,0,1,0,0,0
"CU",20,"1","1",5,"1","2",0,0,0,0,0,3.39,66,0.248,20,1,4,4,0,0,0,0,0,0,1,0,1,0,0,0,0
"FF",11,"1","0",4,"0","1",0,0,0,0,0,4.5,21,0.267,6,-1,0,0,0,0,0,0,0,1,0,1,0,0,0,0,0
"FT",23,"1","0",7,"0","0",0,0,0,0,-2,3,8,0.196,3,1,3,2,0,0,1,0,0,0,0,1,0,0,0,0,0
"FF",24,"1","0",5,"1","2",2,0,0,1,4,3.27,34,0.25,7,-1,3,4,0,0,0,0,0,1,0,0,0,0,1,0,0
"FT",7,"1","0",2,"0","0",0,1,0,0,2,0,0,0.111,0,1,0,0,0,0,1,0,0,0,0,1,0,0,0,0,0
"FT",17,"1","1",4,"1","0",2,0,0,0,0,0,7,0.167,2,1,0,0,0,0,0,0,1,0,0,1,0,0,0,0,0
"FF",7,"1","1",2,"1","2",0,1,0,0,0,3.25,22,0.245,7,1,3,4,0,0,0,0,0,0,1,0,0,0,0,1,0
"CU",15,"1","1",4,"2","2",2,0,0,0,0,3.49,94,0.243,21,1,4,4,0,0,0,0,1,0,0,0,0,0,1,0,0
"CU",23,"1","0",7,"0","2",0,0,0,0,0,0,0,0,0,-1,0,0,0,0,0,0,0,1,0,0,0,1,0,0,0
"FF",4,"1","0",1,"0","0",2,0,0,0,-1,3.49,72,0.27,15,1,4,4,0,0,1,0,0,0,0,1,0,0,0,0,0
"FT",2,"1","0",1,"0","0",1,0,0,0,0,3.5,37,0.289,16,1,1,1,0,0,1,0,0,0,0,1,0,0,0,0,0
"CU",24,"1","1",6,"2","2",2,0,1,1,-1,3.6,9,0.182,4,-1,2,1,0,0,0,0,0,0,1,0,0,0,0,1,0
"FF",24,"1","0",6,"1","1",2,0,0,0,0,0,19,0.257,5,1,0,0,0,0,0,1,0,0,0,0,1,0,0,0,0
"CU",4,"1","1",1,"1","2",1,0,0,0,-2,3.6,58,0.217,23,-1,2,1,0,0,0,0,0,1,0,0,0,1,0,0,0
"FT",11,"1","1",4,"2","2",1,0,0,0,0,3,13,0.229,3,1,3,2,0,0,0,0,1,0,0,0,0,0,1,0,0
"CU",11,"1","0",3,"0","0",0,0,0,1,-1,3.44,33,0.29,10,1,2,1,0,0,1,0,0,0,0,1,0,0,0,0,0
"FT",13,"1","1",4,"0","0",1,0,0,0,0,3.39,74,0.312,24,1,3,3,0,0,1,0,0,0,0,1,0,0,0,0,0
"FT",13,"1","0",3,"0","0",2,0,0,0,-1,3.44,30,0.159,14,1,2,1,0,0,1,0,0,0,0,1,0,0,0,0,0
"FT",16,"1","1",4,"0","0",1,0,0,1,1,3.86,22,0.261,5,1,2,1,0,0,1,0,0,0,0,1,0,0,0,0,0
"FT",5,"1","1",1,"0","0",1,1,1,0,-1,3.52,40,0.268,6,1,2,2,0,0,1,0,0,0,0,1,0,0,0,0,0
"CU",1,"1","0",1,"0","1",0,0,0,0,0,3.52,15,0.252,3,1,2,2,0,0,0,0,0,1,0,1,0,0,0,0,0
"CU",1,"1","1",1,"1","2",0,0,0,0,0,3.39,35,0.342,12,1,4,4,0,0,0,0,0,0,1,0,0,0,0,1,0
"FT",21,"1","1",6,"2","1",0,1,0,0,0,0,0,0.5,0,-1,0,0,0,0,0,0,0,0,1,0,0,0,0,1,0
"FF",22,"1","0",6,"1","2",2,1,0,0,6,3.49,72,0.27,15,1,4,4,0,0,0,1,0,0,0,0,0,1,0,0,0
"FT",23,"1","0",7,"1","0",0,0,0,0,-2,3,8,0.196,3,1,3,2,0,0,0,0,0,0,1,1,0,0,0,0,0
"FT",2,"1","1",1,"0","0",0,1,0,0,0,3.25,75,0.276,20,1,3,4,0,0,1,0,0,0,0,1,0,0,0,0,0
"FT",21,"1","0",5,"3","2",0,0,0,0,4,3.27,85,0.318,24,-1,3,4,0,0,0,0,1,0,0,0,0,0,0,1,0
"FF",25,"1","0",7,"2","2",2,0,0,0,-2,3,29,0.213,9,1,3,2,0,0,0,0,0,1,0,0,0,1,0,0,0
"CU",21,"1","0",6,"1","0",0,0,0,0,0,1.38,3,0.273,1,-1,0,0,0,0,0,0,0,0,1,1,0,0,0,0,0
"CU",10,"1","0",3,"0","0",0,0,0,0,-2,3.6,38,0.299,8,-1,2,1,0,0,1,0,0,0,0,1,0,0,0,0,0
"CU",9,"1","1",2,"2","2",2,0,0,0,0,2.85,7,0.146,0,-1,3,2,10,8,0,0,1,0,0,0,0,0,0,1,0
"FT",20,"1","1",5,"2","2",2,0,1,0,0,1.38,7,0.25,2,-1,0,0,0,0,0,0,0,0,1,0,0,1,0,0,0
"FF",13,"1","1",4,"0","1",2,0,0,0,5,4.5,53,0.284,20,-1,1,1,0,0,0,0,0,1,0,1,0,0,0,0,0
"CU",5,"1","0",2,"2","2",0,0,0,0,0,3.39,44,0.214,13,1,3,3,0,0,0,0,0,1,0,0,0,1,0,0,0
"CU",8,"1","1",2,"1","2",2,0,0,0,-1,3.44,20,0.255,4,1,2,1,0,0,0,0,0,1,0,0,0,0,0,1,0
"FT",3,"1","0",1,"0","1",2,0,0,0,0,3.29,48,0.296,11,1,2,2,0,0,0,0,0,0,1,1,0,0,0,0,0
"CU",20,"1","0",6,"1","2",0,0,0,0,7,4.5,27,0.258,6,-1,1,1,0,0,0,0,0,0,1,0,1,0,0,0,0
"CU",18,"1","1",4,"0","1",1,0,0,0,0,3.39,2,0.122,0,1,4,4,11,10,0,0,0,1,0,1,0,0,0,0,0
"CU",22,"1","0",6,"2","1",0,0,0,0,0,1.38,4,0.171,2,-1,0,0,0,0,0,0,0,0,1,0,0,0,1,0,0
"FT",10,"1","1",2,"0","1",1,0,1,0,-3,3.39,35,0.342,12,1,4,4,0,0,0,0,0,0,1,1,0,0,0,0,0
"CU",3,"1","1",1,"0","2",1,0,0,0,0,0,37,0.266,15,1,0,0,0,0,0,0,0,1,0,0,0,1,0,0,0
"FF",12,"1","1",3,"0","1",2,1,0,0,2,0,37,0.266,15,1,0,0,0,0,0,0,0,1,0,1,0,0,0,0,0
"FT",11,"1","1",2,"0","0",2,1,1,0,-1,3.52,41,0.266,15,1,2,2,0,0,1,0,0,0,0,1,0,0,0,0,0
"CU",11,"1","0",3,"0","0",1,0,0,0,0,2.85,40,0.292,8,-1,3,2,0,0,1,0,0,0,0,1,0,0,0,0,0
"CU",7,"1","1",2,"1","2",0,0,1,0,-1,3.39,45,0.216,15,1,4,4,0,0,0,0,0,0,1,0,0,0,1,0,0
"FT",2,"1","1",1,"1","1",1,0,0,0,0,3.29,69,0.278,22,1,2,2,0,0,0,0,1,0,0,0,0,0,0,1,0
"FT",6,"1","0",1,"1","2",2,1,1,0,-1,1.93,15,0.2,3,-1,1,0,0,0,0,0,1,0,0,0,0,1,0,0,0
"FT",7,"1","0",2,"0","1",0,1,0,0,0,3.49,30,0.193,6,1,4,4,0,0,0,0,1,0,0,1,0,0,0,0,0
"FT",20,"1","0",4,"0","0",2,0,1,0,3,3.27,0,0.462,0,-1,3,4,0,0,1,0,0,0,0,1,0,0,0,0,0
"FT",19,"1","0",6,"0","0",0,0,0,0,6,3.49,48,0.276,13,1,4,4,0,0,1,0,0,0,0,1,0,0,0,0,0
"FF",15,"1","0",4,"0","1",0,0,1,0,2,3.86,26,0.201,5,1,2,1,0,0,0,0,1,0,0,1,0,0,0,0,0
"CU",4,"1","1",2,"1","1",0,0,0,0,0,3,86,0.272,18,1,3,2,0,0,0,0,0,1,0,0,0,0,0,1,0
"CU",12,"1","1",2,"1","2",2,0,0,0,-3,2.92,74,0.318,24,-1,3,3,0,0,0,0,1,0,0,0,0,0,1,0,0
"CU",20,"1","0",5,"0","2",2,0,0,0,0,2.85,40,0.292,8,-1,3,2,0,0,0,0,0,0,1,0,0,0,0,1,0
"FT",14,"1","1",4,"1","1",0,0,0,0,0,1.38,8,0.271,1,-1,0,0,0,0,0,0,0,0,1,0,0,1,0,0,0
"FF",5,"1","0",2,"0","1",1,0,0,0,0,4.5,10,0.231,1,-1,0,0,0,0,0,0,0,0,1,1,0,0,0,0,0
"CU",2,"1","0",1,"0","2",1,0,0,0,0,0,3,0.25,1,-1,0,0,0,0,0,0,1,0,0,0,0,0,1,0,0
"FT",7,"1","1",2,"2","0",0,0,0,0,2,3.86,22,0.261,5,1,2,1,0,0,0,0,1,0,0,0,0,1,0,0,0
"FT",2,"1","0",1,"0","0",0,1,0,0,0,3.6,33,0.266,9,-1,2,1,0,0,1,0,0,0,0,1,0,0,0,0,0
"CU",19,"1","0",5,"0","2",2,0,0,0,-1,3.6,38,0.299,8,-1,2,1,0,0,0,0,1,0,0,0,0,0,0,1,0
"FF",1,"1","1",1,"0","0",0,0,0,0,4,3.27,18,0.32,2,-1,3,4,0,0,1,0,0,0,0,1,0,0,0,0,0
"CU",3,"1","0",1,"1","1",0,1,0,0,0,4.5,54,0.303,19,-1,1,1,0,0,0,0,0,0,1,0,0,0,0,1,0
"CU",24,"1","1",6,"0","2",1,0,1,1,0,2.85,39,0.274,8,-1,3,2,0,0,0,0,0,1,0,0,0,0,0,1,0
"FT",3,"1","0",1,"0","0",0,1,0,0,0,4.5,54,0.303,19,-1,1,1,0,0,1,0,0,0,0,1,0,0,0,0,0
"CU",4,"1","1",1,"0","0",0,1,1,0,-2,2.92,43,0.278,11,-1,3,3,0,0,1,0,0,0,0,1,0,0,0,0,0
"CU",12,"1","0",3,"0","0",1,1,0,0,0,1.38,3,0.273,1,-1,0,0,0,0,1,0,0,0,0,1,0,0,0,0,0
"FT",8,"1","0",3,"0","0",0,0,0,0,-1,0,0,0.25,0,1,0,0,0,0,1,0,0,0,0,1,0,0,0,0,0
"CU",4,"1","1",1,"1","0",1,1,0,1,4,3.27,89,0.24,30,-1,3,4,0,0,0,0,0,0,1,1,0,0,0,0,0
"FF",12,"1","0",4,"0","0",1,0,0,0,0,4.5,20,0.218,12,-1,0,0,0,0,1,0,0,0,0,1,0,0,0,0,0
"FT",15,"1","0",4,"0","0",1,0,0,0,0,1.38,5,0.289,0,-1,0,0,0,0,1,0,0,0,0,1,0,0,0,0,0
"CU",11,"1","1",3,"1","2",2,0,1,1,1,3.29,69,0.278,22,1,2,2,0,0,0,0,0,1,0,0,0,1,0,0,0
"FT",9,"1","1",3,"1","0",0,0,0,0,0,1.38,3,0.222,0,-1,0,0,0,0,0,0,0,0,1,1,0,0,0,0,0
"CU",1,"1","0",1,"1","2",0,0,0,0,0,3.52,15,0.252,3,1,2,2,0,0,0,0,0,1,0,0,0,1,0,0,0
"FT",23,"1","1",6,"1","1",2,0,0,0,1,3.86,52,0.224,22,1,2,1,0,0,0,0,0,0,1,0,0,1,0,0,0
"FF",16,"1","0",4,"0","1",2,1,0,0,-1,3.6,17,0.209,1,-1,2,1,0,0,0,1,0,0,0,1,0,0,0,0,0
"FF",1,"1","0",1,"2","1",0,0,0,0,0,0,3,0.22,1,1,0,0,0,0,0,0,0,0,1,0,0,0,1,0,0
"FT",6,"1","1",2,"1","1",1,0,0,0,3,4.5,30,0.29,10,-1,1,1,0,0,0,0,0,0,1,0,0,0,1,0,0
"FT",7,"1","0",2,"0","0",2,0,0,0,3,4.5,33,0.241,11,-1,1,1,0,0,1,0,0,0,0,1,0,0,0,0,0
"FF",8,"1","0",2,"0","1",0,0,1,0,-3,3.39,67,0.213,22,1,4,4,0,0,0,1,0,0,0,1,0,0,0,0,0
"FT",27,"1","1",8,"0","2",1,0,0,0,-2,3,0,0.5,0,1,3,2,0,0,0,0,0,0,1,0,0,1,0,0,0
"FT",9,"1","0",3,"1","0",1,0,0,0,3,4.5,15,0.277,1,-1,1,1,0,0,0,0,0,0,1,1,0,0,0,0,0
"CU",11,"1","0",4,"2","2",0,0,0,0,5,4.5,27,0.258,6,-1,1,1,0,0,0,0,0,0,1,0,1,0,0,0,0
"CU",13,"1","1",4,"3","2",1,0,0,0,0,4.5,40,0.282,16,-1,0,0,0,0,0,0,0,0,1,0,1,0,0,0,0
"FT",14,"1","1",3,"1","2",1,1,0,0,-1,3.39,79,0.303,21,1,4,4,0,0,0,0,0,1,0,0,0,0,1,0,0
"FF",4,"1","1",2,"0","1",0,0,0,0,0,4.5,40,0.282,16,-1,0,0,0,0,0,0,0,0,1,1,0,0,0,0,0
"FT",2,"1","0",1,"1","0",0,1,0,0,1,2.85,40,0.292,8,-1,3,2,0,0,0,0,0,0,1,1,0,0,0,0,0
"FF",9,"1","1",2,"0","1",2,0,0,0,0,2.85,7,0.146,0,-1,3,2,10,8,0,0,0,0,1,1,0,0,0,0,0
"FF",15,"1","0",4,"0","1",0,0,0,0,-1,3.52,11,0.227,2,1,2,2,0,0,0,0,1,0,0,1,0,0,0,0,0
"FT",2,"1","0",1,"2","0",0,0,1,0,4,3.27,0,0.462,0,-1,3,4,0,0,0,0,0,0,1,0,0,0,1,0,0
"CU",8,"1","1",3,"0","1",0,0,0,0,0,3.39,10,0.189,2,1,3,3,0,0,0,0,1,0,0,1,0,0,0,0,0
"FT",1,"1","0",1,"0","0",0,0,0,0,0,4.5,26,0.263,11,-1,1,1,0,0,1,0,0,0,0,1,0,0,0,0,0
"FT",10,"1","1",2,"2","1",0,0,0,0,-3,2.92,15,0.235,6,-1,3,3,0,0,0,0,1,0,0,0,0,0,0,1,0
"CU",16,"1","1",3,"0","2",1,1,0,0,-4,1.93,35,0.231,5,-1,1,0,0,0,0,0,0,0,1,0,0,0,0,1,0
"FF",4,"1","0",1,"1","0",0,1,0,1,-1,1.93,50,0.264,16,-1,1,0,0,0,0,0,0,1,0,1,0,0,0,0,0
"FT",15,"1","1",5,"1","0",0,0,0,0,0,0,0,0,0,-1,0,0,0,0,0,0,1,0,0,1,0,0,0,0,0
"FF",3,"1","0",1,"0","1",0,0,0,1,4,3.27,85,0.318,24,-1,3,4,0,0,0,0,1,0,0,1,0,0,0,0,0
"FT",4,"1","1",2,"0","1",0,0,0,0,0,0,0,0.25,0,-1,0,0,0,0,0,0,0,0,1,1,0,0,0,0,0
"FT",24,"1","1",7,"1","0",0,0,0,0,0,0,0,0,0,-1,0,0,0,0,0,0,0,0,1,1,0,0,0,0,0
"CU",5,"1","1",1,"0","0",2,1,0,0,-1,3.44,11,0.258,3,1,2,1,0,0,1,0,0,0,0,1,0,0,0,0,0
"CU",13,"1","1",3,"0","0",0,0,0,0,-4,2.92,43,0.278,11,-1,3,3,0,0,1,0,0,0,0,1,0,0,0,0,0
"CU",2,"1","0",1,"0","2",1,1,0,0,0,3.44,33,0.29,10,1,2,1,0,0,0,0,0,1,0,0,0,0,0,1,0
"CU",6,"1","0",2,"0","0",0,1,0,0,2,0,19,0.257,5,1,0,0,0,0,1,0,0,0,0,1,0,0,0,0,0
"CU",4,"1","0",1,"1","2",2,0,0,0,-1,3.49,72,0.27,15,1,4,4,0,0,0,1,0,0,0,0,0,1,0,0,0
"FF",15,"1","1",4,"1","1",0,0,0,0,0,3.25,56,0.233,22,1,3,4,0,0,0,0,0,0,1,0,0,0,1,0,0
"FT",20,"1","1",6,"0","0",0,0,0,0,-2,3,13,0.229,3,1,3,2,0,0,1,0,0,0,0,1,0,0,0,0,0
"CU",22,"1","1",6,"1","0",0,1,1,0,-1,3.6,58,0.217,23,-1,2,1,0,0,0,0,0,1,0,1,0,0,0,0,0
"FT",11,"1","1",3,"1","1",1,0,0,0,0,3.49,101,0.295,39,1,4,4,0,0,0,1,0,0,0,0,0,1,0,0,0
"FF",21,"1","0",6,"1","0",1,1,0,0,6,3.49,105,0.292,31,1,4,4,0,0,0,0,1,0,0,1,0,0,0,0,0
"CU",15,"1","1",3,"1","1",1,0,0,0,-4,2.92,15,0.236,4,-1,3,3,0,0,0,0,1,0,0,0,0,0,0,1,0
"FT",1,"1","0",1,"1","0",0,0,0,0,0,4.5,4,0.181,1,-1,0,0,0,0,0,0,0,0,1,1,0,0,0,0,0
"CU",10,"1","0",3,"1","2",1,0,0,0,2,0,3,0.22,1,1,0,0,0,0,0,0,0,1,0,0,0,0,1,0,0
"FT",16,"1","0",5,"1","0",0,0,0,0,-1,0,5,0.133,2,1,0,0,0,0,0,0,1,0,0,1,0,0,0,0,0
"FT",2,"1","0",1,"1","0",1,0,0,0,0,3.86,24,0.267,8,1,2,1,0,0,0,0,0,0,1,1,0,0,0,0,0
"FT",2,"1","0",1,"1","0",0,1,0,0,4,3.27,0,0.462,0,-1,3,4,0,0,0,0,0,1,0,1,0,0,0,0,0
"FT",10,"1","0",3,"2","1",0,1,0,0,0,3.44,23,0.281,2,1,2,1,0,0,0,1,0,0,0,0,0,0,0,1,0
"FT",9,"1","1",2,"0","1",1,0,1,0,0,3.25,4,0.159,0,1,3,4,9,9,0,0,1,0,0,1,0,0,0,0,0
"CU",15,"1","0",4,"0","0",0,0,0,0,3,3.5,32,0.239,13,1,1,1,0,0,1,0,0,0,0,1,0,0,0,0,0
"FT",1,"1","1",1,"0","1",0,0,0,0,4,3.27,18,0.32,2,-1,3,4,0,0,0,0,0,1,0,1,0,0,0,0,0
"FT",14,"1","1",3,"2","0",2,0,0,0,2,3.5,13,0.242,3,1,1,1,0,0,0,0,0,0,1,0,0,0,0,1,0
"CU",21,"1","0",5,"2","2",0,0,0,0,4,3.27,85,0.318,24,-1,3,4,0,0,0,0,0,0,1,0,0,1,0,0,0
"FT",9,"1","1",2,"0","1",1,0,0,0,-2,1.93,0,0.083,0,-1,1,0,4,6,0,0,0,1,0,1,0,0,0,0,0
"FT",2,"1","0",1,"0","0",1,0,0,0,0,0,26,0.244,8,1,0,0,0,0,1,0,0,0,0,1,0,0,0,0,0
"FT",8,"1","1",3,"0","0",1,0,0,0,0,3,10,0.219,3,1,3,2,0,0,1,0,0,0,0,1,0,0,0,0,0
"FF",13,"1","0",4,"1","2",0,0,0,0,2,0,25,0.278,13,1,0,0,0,0,0,0,1,0,0,0,1,0,0,0,0
"FT",5,"1","0",1,"3","2",2,0,0,0,-2,3.6,33,0.213,9,-1,2,1,0,0,0,0,0,0,1,0,0,0,0,1,0
"FF",2,"1","0",1,"2","1",0,1,0,0,0,1.93,24,0.231,4,-1,1,0,0,0,0,0,1,0,0,0,0,0,0,1,0
"FT",11,"1","1",3,"0","0",1,1,0,0,0,1.38,7,0.25,2,-1,0,0,0,0,1,0,0,0,0,1,0,0,0,0,0
"CU",25,"1","0",7,"0","2",2,0,0,0,-2,3,29,0.213,9,1,3,2,0,0,0,0,1,0,0,0,0,0,0,1,0
"FF",8,"1","0",2,"0","0",2,0,0,0,0,1.38,1,0,0,-1,0,0,0,0,1,0,0,0,0,1,0,0,0,0,0
"FT",17,"1","0",4,"1","2",2,0,0,0,1,3.86,17,0.222,1,1,2,1,0,0,0,0,0,1,0,0,0,1,0,0,0
"FT",5,"1","1",2,"1","0",0,0,0,0,0,3.39,79,0.303,21,1,4,4,0,0,0,0,0,0,1,1,0,0,0,0,0
"FT",13,"1","0",3,"1","0",0,0,0,0,-4,1.93,50,0.264,16,-1,1,0,0,0,0,0,1,0,0,1,0,0,0,0,0
"CU",19,"1","0",5,"0","0",1,1,1,0,-1,0,1,0.346,0,1,0,0,0,0,1,0,0,0,0,1,0,0,0,0,0
"FT",15,"1","0",5,"1","1",0,0,0,0,0,3.39,44,0.214,13,1,3,3,0,0,0,0,0,0,1,0,0,1,0,0,0
"FT",5,"1","0",1,"0","1",2,0,0,0,-2,3.6,33,0.213,9,-1,2,1,0,0,0,0,0,0,1,1,0,0,0,0,0
"FT",15,"1","1",3,"0","0",1,0,0,0,-4,2.92,15,0.236,4,-1,3,3,0,0,1,0,0,0,0,1,0,0,0,0,0
"FT",5,"1","1",1,"1","1",2,1,0,1,0,1.38,8,0.271,1,-1,0,0,0,0,0,0,1,0,0,0,0,1,0,0,0
"FF",4,"1","1",2,"0","0",0,0,0,0,-1,0,6,0.333,2,1,0,0,0,0,1,0,0,0,0,1,0,0,0,0,0
"FT",3,"1","1",1,"3","2",0,1,0,0,1,2.92,74,0.318,24,-1,3,3,0,0,0,0,0,0,1,0,1,0,0,0,0
"CU",11,"1","1",2,"1","2",2,0,1,0,-3,3.39,66,0.248,20,1,4,4,0,0,0,0,0,0,1,0,0,1,0,0,0
"CU",14,"1","1",3,"2","2",1,1,0,0,-1,3.39,79,0.303,21,1,4,4,0,0,0,0,0,0,1,0,0,0,1,0,0
"CU",3,"1","0",1,"0","0",0,1,0,1,1,2.85,61,0.282,14,-1,3,2,0,0,1,0,0,0,0,1,0,0,0,0,0
"CU",12,"1","1",2,"1","1",2,0,0,0,-3,2.92,74,0.318,24,-1,3,3,0,0,0,0,0,0,1,0,0,0,0,1,0
"FT",13,"1","0",4,"1","1",0,0,0,0,0,3.49,72,0.27,15,1,4,4,0,0,0,0,1,0,0,0,0,0,1,0,0
"FF",4,"1","1",1,"0","1",2,1,1,0,0,4.5,53,0.284,20,-1,1,1,0,0,0,0,0,0,1,1,0,0,0,0,0
"CU",4,"1","1",1,"2","2",1,1,1,0,-1,3.25,46,0.296,7,1,3,4,0,0,0,0,0,0,1,0,0,0,0,1,0
"CU",6,"1","1",2,"2","2",1,0,0,0,3,4.5,30,0.29,10,-1,1,1,0,0,0,0,1,0,0,0,0,0,0,1,0
"FF",18,"1","0",5,"2","2",0,0,0,0,1,0,4,0.158,2,1,0,0,6,2,0,0,0,1,0,0,0,1,0,0,0
"FF",5,"1","1",1,"0","2",1,1,1,0,-1,3.52,40,0.268,6,1,2,2,0,0,0,0,0,1,0,0,0,0,0,1,0
"CU",25,"1","0",7,"0","1",2,0,0,0,-2,3,29,0.213,9,1,3,2,0,0,0,0,0,0,1,1,0,0,0,0,0
"FT",23,"1","1",6,"1","0",1,1,0,0,-1,0,4,0.35,2,1,0,0,0,0,0,0,0,1,0,1,0,0,0,0,0
"FF",15,"1","1",4,"0","2",2,0,0,0,0,3.49,94,0.243,21,1,4,4,0,0,0,1,0,0,0,0,0,0,1,0,0
"FT",8,"1","0",3,"3","2",0,0,0,0,-1,0,0,0.25,0,1,0,0,0,0,0,1,0,0,0,0,1,0,0,0,0
"FT",2,"1","0",1,"2","1",0,0,1,0,4,3.27,0,0.462,0,-1,3,4,0,0,0,0,0,0,1,0,0,0,0,1,0
"CU",19,"1","0",4,"0","1",1,0,0,0,-3,1.93,14,0.153,5,-1,1,0,0,0,0,0,0,0,1,1,0,0,0,0,0
"CU",20,"1","1",5,"1","1",2,0,1,0,0,1.38,7,0.25,2,-1,0,0,0,0,0,0,1,0,0,0,0,1,0,0,0
"FT",16,"1","0",5,"0","0",1,0,0,0,0,4.5,3,0.255,1,-1,0,0,0,0,1,0,0,0,0,1,0,0,0,0,0
"CU",11,"1","0",3,"1","2",1,0,0,0,0,2.85,40,0.292,8,-1,3,2,0,0,0,1,0,0,0,0,0,0,0,1,0
"CU",22,"1","1",6,"2","1",0,0,0,0,-1,0,6,0.333,2,1,0,0,0,0,0,0,1,0,0,0,0,1,0,0,0
"CU",6,"1","1",2,"0","2",2,1,0,0,0,0,0,0,0,-1,0,0,0,0,0,0,0,1,0,0,0,1,0,0,0
"FT",18,"1","1",5,"0","0",2,0,0,0,4,3.29,2,0.077,0,1,2,2,4,7,1,0,0,0,0,1,0,0,0,0,0
"FF",5,"1","0",2,"0","2",1,1,0,0,1,3.29,23,0.213,10,1,2,2,0,0,0,1,0,0,0,0,0,0,0,1,0
"FT",27,"1","1",7,"0","0",0,0,1,1,-1,1.38,3,0.222,0,-1,0,0,0,0,1,0,0,0,0,1,0,0,0,0,0
"FT",10,"1","0",3,"0","0",2,0,0,0,-1,0,1,0.346,0,1,0,0,0,0,1,0,0,0,0,1,0,0,0,0,0
"CU",15,"1","0",4,"1","2",0,0,1,0,2,3.86,26,0.201,5,1,2,1,0,0,0,0,1,0,0,0,0,0,1,0,0
"CU",6,"1","0",2,"0","0",0,0,0,0,0,3.39,17,0.275,7,1,4,4,0,0,1,0,0,0,0,1,0,0,0,0,0
"FT",5,"1","1",1,"1","2",2,1,0,1,0,3.5,13,0.242,3,1,1,1,0,0,0,0,0,0,1,0,0,1,0,0,0
"FT",4,"1","1",1,"2","2",1,1,1,0,-1,3.25,46,0.296,7,1,3,4,0,0,0,0,0,1,0,0,0,0,0,1,0
"CU",3,"1","1",1,"1","2",1,0,0,0,0,0,37,0.266,15,1,0,0,0,0,0,0,1,0,0,0,0,0,1,0,0
"CU",19,"1","0",5,"0","0",2,0,0,0,-1,3.44,23,0.281,2,1,2,1,0,0,1,0,0,0,0,1,0,0,0,0,0
"FF",7,"1","1",2,"0","0",2,1,0,0,0,3.39,10,0.189,2,1,3,3,0,0,1,0,0,0,0,1,0,0,0,0,0
"FT",13,"1","1",3,"0","1",0,1,0,0,-1,3.39,78,0.271,18,1,4,4,0,0,0,0,0,0,1,1,0,0,0,0,0
"FT",19,"1","0",6,"0","1",1,0,0,0,2,4.5,4,0.181,1,-1,0,0,0,0,0,0,1,0,0,1,0,0,0,0,0
"CU",15,"1","0",4,"0","2",1,0,0,0,2,0,19,0.257,5,1,0,0,0,0,0,0,0,1,0,0,0,0,1,0,0
"FT",20,"1","1",5,"3","2",1,0,0,0,1,3.25,75,0.276,20,1,3,4,0,0,0,0,1,0,0,0,0,1,0,0,0
"FT",9,"1","1",3,"0","2",0,0,0,0,0,3.39,15,0.197,6,1,3,3,0,0,0,0,0,0,1,0,0,0,0,1,0
"CU",19,"1","0",5,"0","2",0,0,0,0,1,3.25,59,0.278,18,1,3,4,0,0,0,0,1,0,0,0,1,0,0,0,0
"FT",24,"1","1",7,"0","0",2,0,0,0,4,3.29,4,0.212,2,1,2,2,0,0,1,0,0,0,0,1,0,0,0,0,0
"CU",8,"1","0",2,"0","2",1,1,1,0,0,3.49,31,0.213,7,1,4,4,0,0,0,1,0,0,0,0,0,0,0,1,0
"CU",22,"1","0",6,"2","2",2,1,0,0,6,3.49,72,0.27,15,1,4,4,0,0,0,0,0,1,0,0,1,0,0,0,0
"FT",2,"1","1",1,"1","2",1,0,0,0,0,3,13,0.229,3,1,3,2,0,0,0,0,1,0,0,0,0,1,0,0,0
"FF",25,"1","0",8,"2","1",0,0,0,0,4,3.29,0,0,0,1,2,2,0,0,0,0,1,0,0,0,0,0,1,0,0
"CU",15,"1","0",4,"1","2",1,0,0,0,0,1.38,5,0.289,0,-1,0,0,0,0,0,0,0,1,0,0,0,1,0,0,0
"CU",25,"1","0",8,"1","1",0,0,0,0,4,3.29,0,0,0,1,2,2,0,0,0,0,0,1,0,0,0,0,0,1,0
"CU",5,"1","0",2,"1","1",0,0,0,0,0,3.39,44,0.214,13,1,3,3,0,0,0,1,0,0,0,0,0,0,0,1,0
"FT",11,"1","1",4,"0","0",1,0,0,0,0,3,13,0.229,3,1,3,2,0,0,1,0,0,0,0,1,0,0,0,0,0
"FF",5,"1","0",1,"2","2",1,1,1,0,-1,1.93,40,0.315,9,-1,1,0,0,0,0,1,0,0,0,0,1,0,0,0,0
"FT",16,"1","0",5,"0","0",0,0,0,0,3,3.49,30,0.193,6,1,4,4,0,0,1,0,0,0,0,1,0,0,0,0,0
"CU",7,"1","0",2,"2","2",1,0,0,0,-1,3.44,17,0.226,4,1,2,1,0,0,0,0,1,0,0,0,0,0,1,0,0
"FT",2,"1","1",1,"0","0",1,0,0,0,0,3.39,66,0.248,20,1,4,4,0,0,1,0,0,0,0,1,0,0,0,0,0
"FF",10,"1","1",3,"2","0",0,0,0,0,6,3.27,18,0.32,2,-1,3,4,0,0,0,0,0,0,1,0,0,0,0,1,0
"FT",9,"1","0",3,"0","0",1,0,0,0,3,4.5,15,0.277,1,-1,1,1,0,0,1,0,0,0,0,1,0,0,0,0,0
"FT",7,"1","1",2,"1","0",0,0,0,0,-1,1.93,35,0.231,5,-1,1,0,0,0,0,0,0,0,1,1,0,0,0,0,0
"FT",3,"1","1",1,"0","2",2,0,0,0,0,0,0,0.5,0,-1,0,0,0,0,0,0,0,1,0,0,0,0,1,0,0
"FT",7,"1","0",2,"1","1",1,1,0,0,0,3.5,26,0.192,6,1,1,1,0,0,0,0,0,0,1,0,0,0,0,1,0
"CU",6,"1","1",2,"0","0",2,0,0,0,1,3.29,4,0.212,2,1,2,2,0,0,1,0,0,0,0,1,0,0,0,0,0
"FT",20,"1","0",6,"2","2",0,0,0,0,7,4.5,27,0.258,6,-1,1,1,0,0,0,0,1,0,0,0,0,0,0,1,0
"FT",22,"1","1",6,"3","2",1,1,1,0,7,4.5,53,0.284,20,-1,1,1,0,0,0,0,0,0,1,0,0,1,0,0,0
"FT",17,"1","0",4,"0","0",2,0,0,0,1,3.86,17,0.222,1,1,2,1,0,0,1,0,0,0,0,1,0,0,0,0,0
"FF",5,"1","0",2,"3","0",0,1,0,0,0,0,0,0,0,-1,0,0,0,0,0,0,0,0,1,0,0,1,0,0,0
"FT",19,"1","0",6,"2","0",0,0,0,0,6,3.49,48,0.276,13,1,4,4,0,0,0,0,0,1,0,0,0,0,0,1,0
"FF",3,"1","1",1,"1","2",0,1,0,1,0,1.93,46,0.274,16,-1,1,0,0,0,0,0,1,0,0,0,0,0,0,1,0
"FF",21,"1","1",6,"0","0",0,1,0,0,-1,3.6,30,0.273,6,-1,2,1,0,0,1,0,0,0,0,1,0,0,0,0,0
"CU",20,"1","1",5,"2","2",1,1,0,0,-1,3.52,41,0.266,15,1,2,2,0,0,0,0,0,1,0,0,0,1,0,0,0
"FT",11,"1","1",2,"1","1",2,0,1,0,-3,3.39,66,0.248,20,1,4,4,0,0,0,0,1,0,0,0,0,1,0,0,0
"CU",5,"1","1",1,"0","0",2,1,0,1,4,3.27,57,0.29,10,-1,3,4,0,0,1,0,0,0,0,1,0,0,0,0,0
"FT",27,"1","0",8,"0","0",1,1,0,0,4,3.29,17,0.208,6,1,2,2,0,0,1,0,0,0,0,1,0,0,0,0,0
"FF",6,"1","1",2,"0","1",2,1,0,0,0,0,0,0,0,-1,0,0,0,0,0,0,1,0,0,1,0,0,0,0,0
"FT",7,"1","1",2,"1","2",0,0,1,0,-1,3.39,45,0.216,15,1,4,4,0,0,0,0,0,1,0,0,0,0,0,1,0
"FT",16,"1","1",5,"2","0",1,0,0,0,0,3.39,15,0.235,4,1,3,3,0,0,0,0,1,0,0,0,0,0,0,1,0
"CU",3,"1","1",1,"0","0",2,0,0,0,0,3.39,74,0.312,24,1,3,3,0,0,1,0,0,0,0,1,0,0,0,0,0
"FT",16,"1","0",5,"2","0",1,0,0,0,0,4.5,3,0.255,1,-1,0,0,0,0,0,1,0,0,0,0,0,0,0,1,0
"FF",2,"1","0",1,"0","0",1,0,0,0,0,0,3,0.25,1,-1,0,0,0,0,1,0,0,0,0,1,0,0,0,0,0
"FT",15,"1","1",5,"0","0",0,0,1,0,8,4.5,30,0.29,10,-1,1,1,0,0,1,0,0,0,0,1,0,0,0,0,0
"FT",23,"1","0",7,"3","1",2,0,0,0,2,4.5,10,0.231,1,-1,0,0,0,0,0,0,0,0,1,0,0,0,0,1,0
"CU",6,"1","1",1,"2","1",2,0,0,1,-1,2.85,39,0.274,8,-1,3,2,0,0,0,0,1,0,0,0,0,0,0,1,0
"CU",22,"1","0",6,"2","2",0,0,0,0,-2,3.44,30,0.159,14,1,2,1,0,0,0,0,0,1,0,0,1,0,0,0,0
"CU",17,"1","1",5,"0","2",2,0,0,0,0,3.39,10,0.189,2,1,3,3,0,0,0,0,1,0,0,0,1,0,0,0,0
"FT",16,"1","0",5,"2","0",0,0,0,0,-1,0,5,0.133,2,1,0,0,0,0,0,0,0,0,1,0,0,1,0,0,0
"FF",18,"1","1",5,"1","2",0,0,0,0,3,3.5,5,0.167,1,1,1,1,0,0,0,0,0,1,0,0,0,0,0,1,0
"FF",14,"1","0",4,"0","0",1,1,0,0,0,3.49,47,0.231,7,1,4,4,0,0,1,0,0,0,0,1,0,0,0,0,0
"FT",14,"1","1",3,"0","2",1,1,0,0,-1,3.39,79,0.303,21,1,4,4,0,0,0,0,1,0,0,0,0,0,0,1,0
"FT",14,"1","0",4,"0","0",1,0,0,0,3,3.29,23,0.213,10,1,2,2,0,0,1,0,0,0,0,1,0,0,0,0,0
"CU",6,"1","1",2,"1","0",2,0,0,0,0,3,4,0.276,2,1,3,2,0,0,0,0,0,1,0,1,0,0,0,0,0
"FT",11,"1","0",3,"1","0",2,0,1,0,0,3.39,47,0.297,11,1,3,3,0,0,0,1,0,0,0,1,0,0,0,0,0
"FT",3,"1","1",1,"0","1",0,0,1,0,-2,3.6,30,0.273,6,-1,2,1,0,0,0,0,1,0,0,1,0,0,0,0,0
"FT",9,"1","1",2,"0","0",1,1,0,0,2,3.86,0,0.217,0,1,2,1,6,2,1,0,0,0,0,1,0,0,0,0,0
"FT",14,"1","0",3,"2","0",0,0,0,0,-4,1.93,40,0.315,9,-1,1,0,0,0,0,1,0,0,0,0,0,0,0,1,0
"FT",14,"1","1",3,"2","1",2,0,0,0,2,3.5,13,0.242,3,1,1,1,0,0,0,0,0,0,1,0,0,0,0,1,0
"CU",15,"1","1",4,"0","2",1,1,0,0,-1,3.6,9,0.182,4,-1,2,1,0,0,0,0,0,1,0,0,0,0,1,0,0
"FT",19,"1","0",5,"1","2",1,0,0,0,1,3.86,33,0.302,6,1,2,1,0,0,0,0,1,0,0,0,0,0,0,1,0
"FF",22,"1","0",6,"0","1",0,0,0,0,0,0,25,0.278,13,1,0,0,0,0,0,0,1,0,0,1,0,0,0,0,0
"FT",1,"1","0",1,"2","0",0,0,0,0,0,0,3,0.22,1,1,0,0,0,0,0,0,0,1,0,0,0,0,0,1,0
"FT",6,"1","1",2,"1","0",2,0,0,0,0,4.5,5,0.25,1,-1,0,0,0,0,0,0,0,0,1,1,0,0,0,0,0
"FT",3,"1","0",1,"2","0",1,0,0,0,-1,3.49,105,0.292,31,1,4,4,0,0,0,1,0,0,0,0,0,0,1,0,0
"FF",10,"1","0",3,"0","1",0,0,0,0,0,3.49,48,0.276,13,1,4,4,0,0,0,0,0,0,1,1,0,0,0,0,0
"FF",3,"1","1",1,"1","2",1,0,0,0,0,0,37,0.266,15,1,0,0,0,0,0,0,1,0,0,0,0,1,0,0,0
"FT",10,"1","0",2,"2","1",1,0,1,0,-1,3.52,15,0.252,3,1,2,2,0,0,0,1,0,0,0,0,0,0,0,1,0
"FT",1,"1","1",1,"2","1",0,0,0,0,0,3,72,0.265,25,1,3,2,0,0,0,0,1,0,0,0,0,0,0,1,0
"FT",17,"1","0",4,"3","2",0,1,0,1,0,3.25,17,0.268,3,1,3,4,0,0,0,0,1,0,0,0,0,0,0,1,0
"CU",7,"1","1",2,"0","0",0,0,0,0,2,3.86,22,0.261,5,1,2,1,0,0,1,0,0,0,0,1,0,0,0,0,0
"CU",15,"1","1",4,"2","1",0,0,0,0,0,3.25,56,0.233,22,1,3,4,0,0,0,0,0,1,0,0,0,0,0,1,0
"CU",5,"1","0",1,"1","2",2,0,0,0,-2,3.6,33,0.213,9,-1,2,1,0,0,0,0,1,0,0,0,0,0,1,0,0
"CU",14,"1","0",4,"1","0",1,0,0,0,0,2.85,71,0.27,11,-1,3,2,0,0,0,0,0,0,1,1,0,0,0,0,0
"FT",2,"1","0",1,"0","0",1,0,0,0,0,3.86,24,0.267,8,1,2,1,0,0,1,0,0,0,0,1,0,0,0,0,0
"CU",20,"1","0",6,"2","2",0,0,0,0,7,4.5,27,0.258,6,-1,1,1,0,0,0,0,0,0,1,0,1,0,0,0,0
"CU",15,"1","1",5,"0","1",0,0,1,0,8,4.5,30,0.29,10,-1,1,1,0,0,0,0,0,0,1,1,0,0,0,0,0
"FF",10,"1","0",3,"2","2",0,1,0,0,0,3.44,23,0.281,2,1,2,1,0,0,0,0,0,0,1,0,1,0,0,0,0
"FT",7,"1","0",2,"0","0",2,0,0,0,-1,0,5,0.133,2,1,0,0,0,0,1,0,0,0,0,1,0,0,0,0,0
"FF",2,"1","1",1,"0","1",0,1,0,0,0,3.25,75,0.276,20,1,3,4,0,0,0,0,0,0,1,1,0,0,0,0,0
"FT",8,"1","1",2,"1","0",0,0,0,0,-2,1.93,18,0.254,5,-1,1,0,0,0,0,0,0,0,1,1,0,0,0,0,0
"FF",3,"1","0",1,"0","0",1,0,0,0,-1,3.49,105,0.292,31,1,4,4,0,0,1,0,0,0,0,1,0,0,0,0,0
"FT",4,"1","0",1,"0","0",2,1,0,0,0,0,25,0.278,13,1,0,0,0,0,1,0,0,0,0,1,0,0,0,0,0
"FF",23,"1","0",6,"0","1",1,0,0,0,0,0,3,0.296,1,1,0,0,0,0,0,0,1,0,0,1,0,0,0,0,0
"CU",11,"1","1",3,"0","1",2,1,1,0,1,3.29,69,0.278,22,1,2,2,0,0,0,0,0,0,1,1,0,0,0,0,0
"FT",9,"1","0",3,"1","0",1,0,0,0,0,0,0,0.667,0,-1,0,0,0,0,0,0,0,0,1,1,0,0,0,0,0
"FT",6,"1","0",2,"2","1",0,1,0,0,2,0,19,0.257,5,1,0,0,0,0,0,1,0,0,0,0,0,0,1,0,0
"FT",7,"1","1",2,"2","1",0,0,0,0,-1,1.93,35,0.231,5,-1,1,0,0,0,0,0,0,0,1,0,0,0,0,1,0
"FT",28,"1","1",8,"2","1",2,0,0,0,-2,3,72,0.265,25,1,3,2,0,0,0,0,0,0,1,0,0,0,0,1,0
"CU",13,"1","0",4,"1","1",0,0,0,0,2,0,25,0.278,13,1,0,0,0,0,0,1,0,0,0,0,1,0,0,0,0
"FT",10,"1","0",3,"1","0",2,0,0,0,3,4.5,26,0.263,11,-1,1,1,0,0,0,0,0,1,0,1,0,0,0,0,0
"FT",15,"1","1",5,"0","0",0,1,0,0,-2,3,4,0.276,2,1,3,2,0,0,1,0,0,0,0,1,0,0,0,0,0
"CU",12,"1","1",3,"1","1",2,1,0,0,2,0,37,0.266,15,1,0,0,0,0,0,0,0,1,0,0,0,0,1,0,0
"FT",24,"1","1",6,"0","1",1,0,1,1,0,2.85,39,0.274,8,-1,3,2,0,0,0,0,0,0,1,1,0,0,0,0,0
"CU",22,"1","1",6,"1","1",0,0,0,0,-1,0,6,0.333,2,1,0,0,0,0,0,0,1,0,0,0,0,0,0,1,0
"FF",14,"1","1",3,"2","2",1,0,0,0,3,3.27,57,0.29,10,-1,3,4,0,0,0,0,1,0,0,0,0,0,0,1,0
"FT",21,"1","1",6,"2","0",0,1,0,0,0,0,0,0.5,0,-1,0,0,0,0,0,0,0,0,1,0,0,0,0,1,0
"CU",6,"1","0",1,"1","2",2,1,1,0,-1,1.93,15,0.2,3,-1,1,0,0,0,0,0,1,0,0,0,0,0,1,0,0
"FT",2,"1","0",1,"0","0",1,0,0,0,0,4.5,21,0.267,6,-1,0,0,0,0,1,0,0,0,0,1,0,0,0,0,0
"FT",17,"1","1",5,"1","1",2,0,0,0,0,4.5,10,0.205,1,-1,0,0,0,0,0,0,1,0,0,0,0,0,0,1,0
"CU",14,"1","1",3,"0","1",2,0,0,0,-1,3.52,40,0.268,6,1,2,2,0,0,0,0,0,0,1,1,0,0,0,0,0
"FF",9,"1","1",2,"0","0",1,0,0,0,-2,1.93,0,0.083,0,-1,1,0,4,6,1,0,0,0,0,1,0,0,0,0,0
"CU",2,"1","0",1,"1","1",0,1,0,0,0,1.93,24,0.231,4,-1,1,0,0,0,0,0,0,0,1,0,0,0,1,0,0
"FF",12,"1","1",4,"0","0",1,0,0,0,0,0,0,0.5,0,-1,0,0,0,0,1,0,0,0,0,1,0,0,0,0,0
"FT",9,"1","1",2,"0","2",1,0,1,0,-1,3.52,1,0.158,0,1,2,2,6,0,0,0,0,1,0,0,0,0,1,0,0
"FT",15,"1","0",3,"2","1",1,1,0,0,-1,3.39,17,0.275,7,1,4,4,0,0,0,0,0,1,0,0,1,0,0,0,0
"FF",19,"1","1",4,"0","0",1,0,0,0,3,3.27,18,0.32,2,-1,3,4,0,0,1,0,0,0,0,1,0,0,0,0,0
"FF",16,"1","0",4,"3","0",1,0,1,0,0,0,0,0.111,0,1,0,0,0,0,0,0,0,1,0,0,0,0,1,0,0
"FF",17,"1","1",5,"0","0",0,0,0,0,-1,3.44,20,0.255,4,1,2,1,0,0,1,0,0,0,0,1,0,0,0,0,0
"FT",11,"1","0",2,"0","0",2,1,0,0,-2,1.93,24,0.231,4,-1,1,0,0,0,1,0,0,0,0,1,0,0,0,0,0
"FF",2,"1","0",1,"1","2",1,0,0,0,0,3.5,37,0.289,16,1,1,1,0,0,0,0,0,0,1,0,0,0,1,0,0
"FT",7,"1","0",2,"0","0",1,1,0,0,0,3.5,26,0.192,6,1,1,1,0,0,1,0,0,0,0,1,0,0,0,0,0
"FT",18,"1","0",5,"0","1",0,1,0,1,-2,3,2,0.333,0,1,3,2,11,8,0,0,0,0,1,1,0,0,0,0,0
"FT",13,"1","1",4,"0","2",0,0,0,0,0,2.85,54,0.288,12,-1,3,2,0,0,0,0,0,1,0,0,0,1,0,0,0
"FF",25,"1","1",6,"0","0",2,0,1,0,1,3.52,50,0.239,17,1,2,2,0,0,1,0,0,0,0,1,0,0,0,0,0
"CU",17,"1","1",5,"0","1",0,0,0,0,-1,3.44,20,0.255,4,1,2,1,0,0,0,0,0,1,0,1,0,0,0,0,0
"FF",4,"1","1",1,"1","2",1,1,1,0,0,3.52,71,0.248,26,1,2,2,0,0,0,0,1,0,0,0,0,0,0,1,0
"CU",23,"1","1",6,"0","2",0,0,0,0,1,3.52,40,0.268,6,1,2,2,0,0,0,0,0,0,1,0,0,1,0,0,0
"FT",28,"1","0",7,"2","1",0,0,1,1,-1,1.38,6,0.214,2,-1,0,0,0,0,0,0,1,0,0,0,0,0,0,1,0
"CU",3,"1","1",1,"0","0",2,0,0,0,0,3,82,0.365,20,1,3,2,0,0,1,0,0,0,0,1,0,0,0,0,0
"FT",12,"1","0",3,"0","0",2,0,0,0,0,3.49,105,0.292,31,1,4,4,0,0,1,0,0,0,0,1,0,0,0,0,0
"FT",11,"1","0",3,"2","2",1,0,0,0,0,2.85,40,0.292,8,-1,3,2,0,0,0,0,0,0,1,0,0,1,0,0,0
"FT",16,"1","0",5,"1","0",0,1,0,0,0,0,0,0.333,0,-1,0,0,0,0,0,0,0,0,1,1,0,0,0,0,0
"FT",26,"1","1",8,"1","1",0,0,0,0,-2,3,10,0.219,3,1,3,2,0,0,0,0,1,0,0,0,0,0,0,1,0
"FT",12,"1","1",4,"2","0",1,0,0,0,0,0,0,0.5,0,-1,0,0,0,0,0,0,1,0,0,0,0,0,1,0,0
"FF",12,"1","0",3,"1","2",1,0,0,0,0,3.25,47,0.25,14,1,3,4,0,0,0,0,1,0,0,0,0,0,1,0,0
"FT",8,"1","1",2,"0","1",2,0,0,0,-1,3.44,20,0.255,4,1,2,1,0,0,0,0,0,0,1,1,0,0,0,0,0
"FF",17,"1","0",5,"1","1",0,1,0,1,0,0,1,0.25,0,-1,0,0,0,0,0,0,1,0,0,0,0,0,1,0,0
"FT",4,"1","1",1,"0","0",2,0,1,0,0,3.39,78,0.271,18,1,4,4,0,0,1,0,0,0,0,1,0,0,0,0,0
"CU",12,"1","0",4,"0","2",0,0,0,0,0,3.39,42,0.263,10,1,3,3,0,0,0,0,0,0,1,0,0,1,0,0,0
"FF",10,"1","0",2,"2","0",2,1,1,0,2,3.86,33,0.302,6,1,2,1,0,0,0,0,1,0,0,0,0,1,0,0,0
"FT",5,"1","0",1,"0","0",2,0,0,0,-2,3.6,33,0.213,9,-1,2,1,0,0,1,0,0,0,0,1,0,0,0,0,0
"FT",11,"1","0",3,"1","0",1,0,0,0,0,2.85,40,0.292,8,-1,3,2,0,0,0,0,1,0,0,1,0,0,0,0,0
"CU",15,"1","1",5,"2","1",0,0,1,0,-2,3,4,0.276,2,1,3,2,0,0,0,0,0,0,1,0,0,0,0,1,0
"CU",7,"1","1",2,"2","2",0,1,0,0,0,3.25,22,0.245,7,1,3,4,0,0,0,0,0,0,1,0,0,0,1,0,0
"FT",1,"1","0",1,"0","0",0,0,0,0,0,3.25,59,0.278,18,1,3,4,0,0,1,0,0,0,0,1,0,0,0,0,0
"FT",2,"1","1",1,"0","1",1,0,0,0,0,3.39,66,0.248,20,1,4,4,0,0,0,0,0,0,1,1,0,0,0,0,0
"FT",18,"1","0",5,"0","0",1,1,0,1,0,0,0,0.667,0,-1,0,0,0,0,1,0,0,0,0,1,0,0,0,0,0
"FF",4,"1","0",1,"0","0",1,0,0,0,-1,3.44,30,0.159,14,1,2,1,0,0,1,0,0,0,0,1,0,0,0,0,0
"FT",19,"1","0",5,"0","0",1,0,1,0,0,1.38,6,0.214,2,-1,0,0,0,0,1,0,0,0,0,1,0,0,0,0,0
"CU",10,"1","0",2,"1","0",2,1,1,0,2,3.86,33,0.302,6,1,2,1,0,0,0,0,1,0,0,1,0,0,0,0,0
"FF",18,"1","0",5,"1","0",0,0,0,0,1,0,4,0.158,2,1,0,0,6,2,0,0,0,0,1,1,0,0,0,0,0
"FT",24,"1","1",8,"0","0",0,0,0,0,4,4.5,5,0.25,1,-1,0,0,0,0,1,0,0,0,0,1,0,0,0,0,0
"CU",5,"1","1",2,"0","0",0,0,0,0,-1,0,4,0.35,2,1,0,0,0,0,1,0,0,0,0,1,0,0,0,0,0
"FT",12,"1","0",3,"2","0",1,1,0,0,0,1.38,3,0.273,1,-1,0,0,0,0,0,0,0,1,0,0,0,1,0,0,0
"FT",20,"1","1",5,"0","0",1,0,0,0,1,3.25,75,0.276,20,1,3,4,0,0,1,0,0,0,0,1,0,0,0,0,0
"CU",20,"1","0",6,"2","0",1,0,1,0,0,3.39,47,0.297,11,1,3,3,0,0,0,1,0,0,0,0,0,0,0,1,0
"FT",1,"1","0",1,"1","0",0,0,0,0,1,2.85,39,0.263,6,-1,3,2,0,0,0,0,0,1,0,1,0,0,0,0,0
"FT",8,"1","1",2,"0","0",0,0,0,0,-2,1.93,18,0.254,5,-1,1,0,0,0,1,0,0,0,0,1,0,0,0,0,0
"CU",5,"1","0",1,"0","2",2,0,0,0,-2,3.6,33,0.213,9,-1,2,1,0,0,0,0,0,1,0,0,0,0,0,1,0
"FT",25,"1","0",8,"0","0",0,0,0,0,4,4.5,3,0.255,1,-1,0,0,0,0,1,0,0,0,0,1,0,0,0,0,0
"CU",10,"1","0",2,"1","1",2,0,1,0,0,3.25,59,0.278,18,1,3,4,0,0,0,1,0,0,0,0,0,0,1,0,0
"CU",11,"1","0",3,"0","0",1,0,0,0,2,0,26,0.244,8,1,0,0,0,0,1,0,0,0,0,1,0,0,0,0,0
"FT",1,"1","1",1,"0","1",0,0,0,0,1,2.92,15,0.235,6,-1,3,3,0,0,0,0,0,1,0,1,0,0,0,0,0
"CU",6,"1","1",1,"1","1",2,0,0,1,-1,2.85,39,0.274,8,-1,3,2,0,0,0,0,0,0,1,0,0,0,0,1,0
"FT",4,"1","1",1,"0","0",1,1,1,0,0,3.52,71,0.248,26,1,2,2,0,0,1,0,0,0,0,1,0,0,0,0,0
"CU",1,"1","1",1,"0","2",0,0,0,0,4,3.27,18,0.32,2,-1,3,4,0,0,0,0,0,0,1,0,0,0,0,1,0
"FT",4,"1","1",2,"0","0",0,0,0,0,0,0,0,0.25,0,-1,0,0,0,0,1,0,0,0,0,1,0,0,0,0,0
"FT",9,"1","1",1,"0","0",2,1,1,0,-3,2.92,3,0.093,0,-1,3,3,7,13,1,0,0,0,0,1,0,0,0,0,0
"CU",11,"1","1",3,"0","0",0,0,0,0,0,3.25,75,0.276,20,1,3,4,0,0,1,0,0,0,0,1,0,0,0,0,0
"CU",8,"1","1",2,"0","0",1,0,1,0,-2,3.6,5,0.145,1,-1,2,1,0,0,1,0,0,0,0,1,0,0,0,0,0
"CU",5,"1","0",1,"0","0",1,0,1,0,-1,2.85,71,0.27,11,-1,3,2,0,0,1,0,0,0,0,1,0,0,0,0,0
"CU",17,"1","1",4,"1","0",2,0,0,0,3,3.5,20,0.244,5,1,1,1,0,0,0,0,0,0,1,1,0,0,0,0,0
"FT",11,"1","0",3,"2","0",0,0,0,0,2,3.86,24,0.267,8,1,2,1,0,0,0,0,0,0,1,0,1,0,0,0,0
"FF",15,"1","1",4,"0","0",0,0,0,0,0,3.25,56,0.233,22,1,3,4,0,0,1,0,0,0,0,1,0,0,0,0,0
"FF",6,"1","0",1,"0","0",2,1,1,0,-1,3.52,11,0.227,2,1,2,2,0,0,1,0,0,0,0,1,0,0,0,0,0
"FT",7,"1","1",2,"0","1",0,1,0,0,0,3.25,22,0.245,7,1,3,4,0,0,0,0,0,0,1,1,0,0,0,0,0
"FF",24,"1","1",6,"0","2",1,0,1,1,0,2.85,39,0.274,8,-1,3,2,0,0,0,0,0,0,1,0,0,0,0,1,0
"CU",16,"1","0",4,"1","2",2,0,0,0,-1,3.44,17,0.226,4,1,2,1,0,0,0,1,0,0,0,0,1,0,0,0,0
"FT",2,"1","1",1,"0","1",1,0,0,0,0,3,13,0.229,3,1,3,2,0,0,0,0,1,0,0,1,0,0,0,0,0
"FT",16,"1","1",5,"0","0",1,0,0,0,0,3.39,15,0.235,4,1,3,3,0,0,1,0,0,0,0,1,0,0,0,0,0
"FT",30,"1","0",7,"2","2",2,1,1,1,-1,1.38,3,0.273,1,-1,0,0,0,0,0,0,0,1,0,0,0,1,0,0,0
"FF",13,"1","1",3,"1","0",0,0,0,0,-4,2.92,43,0.278,11,-1,3,3,0,0,0,0,1,0,0,1,0,0,0,0,0
"FT",13,"1","1",4,"0","0",1,0,1,0,0,0,6,0.333,2,1,0,0,0,0,1,0,0,0,0,1,0,0,0,0,0
"FF",24,"1","0",6,"0","2",2,1,0,0,-2,3.44,37,0.235,9,1,2,1,0,0,0,0,1,0,0,0,0,0,0,1,0
"FT",10,"1","1",2,"0","0",0,0,0,0,-3,2.92,15,0.235,6,-1,3,3,0,0,1,0,0,0,0,1,0,0,0,0,0
"CU",17,"1","0",4,"0","2",0,0,0,0,0,3.39,67,0.213,22,1,4,4,0,0,0,0,1,0,0,0,1,0,0,0,0
"FT",8,"1","0",2,"3","2",0,0,1,0,0,3.25,17,0.268,3,1,3,4,0,0,0,0,0,0,1,0,0,0,0,1,0
"FF",3,"1","0",1,"0","0",0,1,0,1,-1,3.25,47,0.25,14,1,3,4,0,0,1,0,0,0,0,1,0,0,0,0,0
"FF",1,"1","0",1,"3","0",0,0,0,0,0,1.93,14,0.153,5,-1,1,0,0,0,0,0,0,0,1,0,0,0,0,1,0
"FT",14,"1","1",3,"1","2",1,0,0,0,3,3.27,57,0.29,10,-1,3,4,0,0,0,0,0,0,1,0,0,1,0,0,0
"FF",5,"1","1",1,"0","1",1,1,1,0,-1,3.52,40,0.268,6,1,2,2,0,0,0,0,0,0,1,1,0,0,0,0,0
"FT",6,"1","1",1,"0","0",1,0,0,0,-2,2.92,15,0.236,4,-1,3,3,0,0,1,0,0,0,0,1,0,0,0,0,0
"FT",19,"1","1",6,"0","0",0,1,0,0,0,3.39,3,0.211,0,1,3,3,0,0,1,0,0,0,0,1,0,0,0,0,0
"CU",3,"1","1",1,"1","1",0,1,0,1,0,1.93,46,0.274,16,-1,1,0,0,0,0,0,0,0,1,0,0,0,0,1,0
"FT",5,"1","0",2,"2","0",0,0,0,0,0,3.49,47,0.231,7,1,4,4,0,0,0,0,0,0,1,0,0,0,1,0,0
"CU",21,"1","0",7,"0","2",0,0,0,0,2,4.5,20,0.218,12,-1,0,0,0,0,0,0,0,1,0,0,0,1,0,0,0
"FT",14,"1","1",4,"0","0",1,0,1,0,-1,0,4,0.35,2,1,0,0,0,0,1,0,0,0,0,1,0,0,0,0,0
"FF",7,"1","0",3,"0","1",0,0,0,0,0,4.5,3,0.255,1,-1,0,0,0,0,0,0,0,1,0,1,0,0,0,0,0
"FT",5,"1","1",2,"0","0",0,0,0,0,0,3.39,79,0.303,21,1,4,4,0,0,1,0,0,0,0,1,0,0,0,0,0
"FT",7,"1","1",2,"0","0",0,0,0,0,0,2.85,50,0.287,13,-1,3,2,0,0,1,0,0,0,0,1,0,0,0,0,0
"FT",6,"1","1",1,"0","0",2,0,0,1,-1,2.85,39,0.274,8,-1,3,2,0,0,1,0,0,0,0,1,0,0,0,0,0
"FT",14,"1","0",4,"1","1",1,0,0,0,0,2.85,71,0.27,11,-1,3,2,0,0,0,0,1,0,0,0,0,0,0,1,0
"CU",24,"1","1",7,"1","1",0,0,0,0,0,0,0,0,0,-1,0,0,0,0,0,0,0,0,1,0,0,0,0,1,0
"FF",10,"1","0",3,"0","0",2,0,0,0,3,4.5,26,0.263,11,-1,1,1,0,0,1,0,0,0,0,1,0,0,0,0,0
"FF",14,"1","1",3,"1","2",1,1,0,0,-1,3.39,79,0.303,21,1,4,4,0,0,0,0,0,0,1,0,0,1,0,0,0
"CU",11,"1","1",4,"2","1",1,0,0,0,0,3,13,0.229,3,1,3,2,0,0,0,0,0,1,0,0,0,0,0,1,0
"CU",19,"1","0",5,"1","2",0,0,0,0,-1,3.52,15,0.252,3,1,2,2,0,0,0,0,1,0,0,0,0,0,1,0,0
"FT",9,"1","1",2,"1","1",2,0,0,0,0,2.85,7,0.146,0,-1,3,2,10,8,0,0,0,1,0,0,0,0,0,1,0
"CU",16,"1","1",5,"1","0",1,0,0,0,0,3.39,15,0.235,4,1,3,3,0,0,0,0,0,0,1,1,0,0,0,0,0
"FT",13,"1","0",3,"0","0",1,0,1,0,3,3.5,32,0.267,6,1,1,1,0,0,1,0,0,0,0,1,0,0,0,0,0
"FT",2,"1","0",1,"2","0",0,1,0,0,0,3.6,33,0.266,9,-1,2,1,0,0,0,0,0,0,1,0,0,0,0,1,0
"FT",20,"1","0",6,"0","0",0,0,0,0,0,0,3,0.25,1,-1,0,0,0,0,1,0,0,0,0,1,0,0,0,0,0
"CU",8,"1","0",2,"1","1",0,0,1,0,0,3.25,17,0.268,3,1,3,4,0,0,0,0,0,1,0,0,0,1,0,0,0
"FT",5,"1","1",1,"1","1",2,1,0,1,0,3.5,13,0.242,3,1,1,1,0,0,0,0,1,0,0,0,0,0,0,1,0
"FT",20,"1","0",6,"3","0",1,0,1,0,0,3.39,47,0.297,11,1,3,3,0,0,0,0,1,0,0,0,1,0,0,0,0
"FT",18,"1","1",5,"2","2",1,0,0,0,-1,3.6,1,0.143,0,-1,2,1,5,10,0,0,0,1,0,0,0,1,0,0,0
"FT",8,"1","0",2,"0","0",1,0,0,0,4,3.27,42,0.252,7,-1,3,4,0,0,1,0,0,0,0,1,0,0,0,0,0
"CU",17,"1","0",4,"0","1",2,0,0,0,1,3.86,17,0.222,1,1,2,1,0,0,0,0,0,0,1,1,0,0,0,0,0
"CU",15,"1","0",3,"1","2",0,0,0,0,-4,1.93,15,0.2,3,-1,1,0,0,0,0,0,0,1,0,0,0,1,0,0,0
"FT",2,"1","0",1,"0","2",1,0,0,0,0,3.5,37,0.289,16,1,1,1,0,0,0,0,0,1,0,0,0,0,0,1,0
"FF",18,"1","1",6,"0","2",0,0,0,0,2,4.5,6,0.292,2,-1,0,0,0,0,0,0,1,0,0,0,0,0,0,1,0
"FT",16,"1","0",4,"1","0",1,0,0,0,3,3.5,26,0.192,6,1,1,1,0,0,0,0,1,0,0,1,0,0,0,0,0
"FT",25,"1","1",6,"0","0",2,0,0,1,0,2.85,50,0.287,13,-1,3,2,0,0,1,0,0,0,0,1,0,0,0,0,0
"CU",20,"1","1",5,"1","0",2,0,1,0,0,1.38,7,0.25,2,-1,0,0,0,0,0,0,1,0,0,1,0,0,0,0,0
"CU",5,"1","1",1,"0","1",1,0,0,0,-2,2.92,71,0.225,30,-1,3,3,0,0,0,0,0,0,1,1,0,0,0,0,0
"FT",1,"1","0",1,"1","0",0,0,0,0,0,3.39,47,0.297,11,1,3,3,0,0,0,0,0,0,1,1,0,0,0,0,0
"FT",4,"1","1",2,"1","2",0,0,0,0,0,3,86,0.272,18,1,3,2,0,0,0,0,1,0,0,0,0,0,1,0,0
"FT",3,"1","1",1,"1","2",1,0,0,0,0,0,37,0.266,15,1,0,0,0,0,0,0,0,1,0,0,0,1,0,0,0
"FT",4,"1","1",1,"1","1",2,1,1,0,0,4.5,53,0.284,20,-1,1,1,0,0,0,0,0,1,0,0,0,0,0,1,0
"FT",8,"1","1",2,"1","0",1,0,1,0,-2,3.6,5,0.145,1,-1,2,1,0,0,0,0,1,0,0,1,0,0,0,0,0
"FT",6,"1","0",1,"2","2",2,1,1,0,-1,1.93,15,0.2,3,-1,1,0,0,0,0,0,0,0,1,0,0,1,0,0,0
"FT",7,"1","0",2,"1","0",0,1,0,0,2,0,0,0.111,0,1,0,0,0,0,0,0,0,0,1,1,0,0,0,0,0
"CU",17,"1","1",4,"0","0",2,0,0,0,0,0,7,0.167,2,1,0,0,0,0,1,0,0,0,0,1,0,0,0,0,0
"FT",8,"1","0",2,"3","2",0,0,1,0,0,3.25,17,0.268,3,1,3,4,0,0,0,0,0,0,1,0,0,1,0,0,0
"CU",13,"1","0",3,"1","1",2,0,0,0,-1,3.44,30,0.159,14,1,2,1,0,0,0,0,0,0,1,0,0,0,0,1,0
"FT",14,"1","1",4,"1","0",0,0,0,0,0,1.38,8,0.271,1,-1,0,0,0,0,0,0,1,0,0,1,0,0,0,0,0
"CU",15,"1","0",5,"0","0",0,0,0,0,0,3.39,44,0.214,13,1,3,3,0,0,1,0,0,0,0,1,0,0,0,0,0
"CU",19,"1","0",5,"1","0",1,0,0,0,0,2.85,39,0.263,6,-1,3,2,0,0,0,0,1,0,0,1,0,0,0,0,0
"CU",19,"1","1",4,"0","1",1,0,0,0,3,3.27,18,0.32,2,-1,3,4,0,0,0,0,0,1,0,1,0,0,0,0,0
"FT",26,"1","1",8,"0","0",0,0,0,0,-2,3,10,0.219,3,1,3,2,0,0,1,0,0,0,0,1,0,0,0,0,0
"FT",17,"1","0",5,"0","0",1,0,0,0,3,3.49,31,0.213,7,1,4,4,0,0,1,0,0,0,0,1,0,0,0,0,0
"FT",8,"1","0",2,"0","0",1,1,1,0,0,3.49,31,0.213,7,1,4,4,0,0,1,0,0,0,0,1,0,0,0,0,0
"FT",18,"1","1",6,"0","1",0,0,0,0,0,3.39,15,0.197,6,1,3,3,0,0,0,0,1,0,0,1,0,0,0,0,0
"FT",1,"1","0",1,"0","0",0,0,0,0,0,0,1,0.346,0,1,0,0,0,0,1,0,0,0,0,1,0,0,0,0,0
"FT",10,"1","1",3,"0","0",0,0,0,0,6,3.27,18,0.32,2,-1,3,4,0,0,1,0,0,0,0,1,0,0,0,0,0
"CU",17,"1","1",4,"2","2",2,0,0,0,3,3.5,20,0.244,5,1,1,1,0,0,0,1,0,0,0,0,0,0,0,1,0
"FT",18,"1","1",5,"0","0",1,0,0,0,-1,3.44,0,0.222,0,1,2,1,8,2,1,0,0,0,0,1,0,0,0,0,0
"FF",17,"1","0",5,"1","2",0,1,0,1,0,0,1,0.25,0,-1,0,0,0,0,0,0,0,1,0,0,0,1,0,0,0
"FT",6,"1","1",2,"2","0",2,0,0,0,1,3.29,4,0.212,2,1,2,2,0,0,0,0,0,0,1,0,0,1,0,0,0
"FT",13,"1","1",4,"1","0",2,1,0,0,0,3,86,0.272,18,1,3,2,0,0,0,0,0,0,1,1,0,0,0,0,0
"FF",15,"1","1",4,"0","1",1,1,0,0,-1,3.6,9,0.182,4,-1,2,1,0,0,0,0,0,1,0,1,0,0,0,0,0
"FF",20,"1","0",4,"0","0",2,0,0,0,-3,1.93,24,0.231,4,-1,1,0,0,0,1,0,0,0,0,1,0,0,0,0,0
"FT",25,"1","0",8,"2","0",0,0,0,0,4,4.5,3,0.255,1,-1,0,0,0,0,0,0,0,0,1,0,0,0,0,1,0
"FT",10,"1","0",3,"0","0",0,0,0,0,4,3.5,25,0.262,5,1,1,1,0,0,1,0,0,0,0,1,0,0,0,0,0
"FF",30,"1","0",7,"1","2",2,1,1,1,-1,1.38,3,0.273,1,-1,0,0,0,0,0,0,1,0,0,0,0,1,0,0,0
"FF",4,"1","1",2,"0","1",0,0,0,0,0,3,86,0.272,18,1,3,2,0,0,0,0,0,0,1,1,0,0,0,0,0
"FT",24,"1","1",6,"0","0",1,0,1,1,0,2.85,39,0.274,8,-1,3,2,0,0,1,0,0,0,0,1,0,0,0,0,0
"FT",14,"1","1",3,"1","1",1,0,0,0,3,3.27,57,0.29,10,-1,3,4,0,0,0,0,1,0,0,0,0,0,0,1,0
"FT",6,"1","1",2,"0","0",2,0,0,0,0,4.5,5,0.25,1,-1,0,0,0,0,1,0,0,0,0,1,0,0,0,0,0
"FT",11,"1","0",3,"2","0",0,0,1,0,6,3.27,0,0.462,0,-1,3,4,0,0,0,0,0,0,1,0,0,1,0,0,0
"FT",20,"1","1",5,"1","0",2,1,1,0,-1,0,1,0.259,0,1,0,0,0,0,0,0,1,0,0,1,0,0,0,0,0
"FT",28,"1","0",8,"0","0",2,1,0,0,4,3.29,8,0.266,1,1,2,2,0,0,1,0,0,0,0,1,0,0,0,0,0
"FT",2,"1","0",1,"0","0",0,0,0,0,0,4.5,27,0.258,6,-1,1,1,0,0,1,0,0,0,0,1,0,0,0,0,0
"CU",7,"1","1",2,"1","0",0,0,0,0,2,3.86,22,0.261,5,1,2,1,0,0,0,0,1,0,0,1,0,0,0,0,0
"FT",15,"1","1",4,"1","0",0,0,0,0,0,3.25,56,0.233,22,1,3,4,0,0,0,0,0,1,0,1,0,0,0,0,0
"CU",3,"1","1",1,"0","0",0,0,1,0,-2,3.6,30,0.273,6,-1,2,1,0,0,1,0,0,0,0,1,0,0,0,0,0
"FF",12,"1","1",3,"0","0",0,1,0,0,2,3.86,44,0.313,13,1,2,1,0,0,1,0,0,0,0,1,0,0,0,0,0
"FF",21,"1","1",6,"1","0",0,0,0,0,-2,3.44,55,0.257,18,1,2,1,0,0,0,0,0,1,0,1,0,0,0,0,0
"FF",4,"1","0",1,"0","0",0,1,0,1,-1,1.93,50,0.264,16,-1,1,0,0,0,1,0,0,0,0,1,0,0,0,0,0
"CU",17,"1","0",4,"0","0",0,0,0,0,0,3.39,67,0.213,22,1,4,4,0,0,1,0,0,0,0,1,0,0,0,0,0
"FF",16,"1","0",5,"1","2",0,1,0,0,0,0,0,0.333,0,-1,0,0,0,0,0,0,0,0,1,0,0,0,0,1,0
"FT",10,"1","0",2,"1","0",1,0,0,0,-2,1.93,14,0.153,5,-1,1,0,0,0,0,0,1,0,0,1,0,0,0,0,0
"CU",5,"1","1",1,"1","2",1,0,0,0,-2,2.92,71,0.225,30,-1,3,3,0,0,0,0,0,0,1,0,0,1,0,0,0
"FT",18,"1","1",4,"0","1",2,1,1,1,0,3.25,4,0.159,0,1,3,4,9,9,0,0,0,0,1,1,0,0,0,0,0
"CU",15,"1","0",4,"0","1",1,0,0,0,-1,3.44,37,0.235,9,1,2,1,0,0,0,0,0,0,1,1,0,0,0,0,0
"CU",24,"1","1",7,"1","1",2,0,0,0,4,3.29,4,0.212,2,1,2,2,0,0,0,1,0,0,0,0,0,0,0,1,0
"CU",14,"1","1",3,"1","2",1,0,0,0,3,3.27,57,0.29,10,-1,3,4,0,0,0,0,0,0,1,0,0,0,0,1,0
"CU",18,"1","0",5,"0","2",0,1,0,1,-2,3,2,0.333,0,1,3,2,11,8,0,0,0,0,1,0,0,0,0,1,0
"FF",18,"1","1",5,"1","1",0,0,0,0,-1,3.52,1,0.158,0,1,2,2,6,0,0,0,0,0,1,0,0,0,1,0,0
"FT",16,"1","1",3,"0","1",1,1,0,0,-4,1.93,35,0.231,5,-1,1,0,0,0,0,0,0,0,1,1,0,0,0,0,0
"CU",19,"1","0",4,"0","2",1,0,0,0,-3,1.93,14,0.153,5,-1,1,0,0,0,0,0,0,0,1,0,0,1,0,0,0
"FT",12,"1","0",3,"3","2",0,1,1,0,6,3.27,85,0.318,24,-1,3,4,0,0,0,0,0,0,1,0,0,0,0,1,0
"FT",7,"1","0",2,"1","0",1,1,0,0,0,3.5,26,0.192,6,1,1,1,0,0,0,0,0,0,1,1,0,0,0,0,0
"FF",15,"1","0",3,"0","0",0,0,0,0,-4,1.93,15,0.2,3,-1,1,0,0,0,1,0,0,0,0,1,0,0,0,0,0
"CU",7,"1","0",3,"1","2",0,0,0,0,0,4.5,3,0.255,1,-1,0,0,0,0,0,0,0,0,1,0,0,0,1,0,0
"FF",20,"1","1",5,"0","0",1,1,0,0,-1,3.52,41,0.266,15,1,2,2,0,0,1,0,0,0,0,1,0,0,0,0,0
"FF",13,"1","0",3,"0","1",1,0,1,0,3,3.5,32,0.267,6,1,1,1,0,0,0,0,0,0,1,1,0,0,0,0,0
"FT",14,"1","1",3,"1","0",2,0,0,0,2,3.5,13,0.242,3,1,1,1,0,0,0,0,0,0,1,1,0,0,0,0,0
"CU",10,"1","0",3,"0","2",2,0,1,0,0,4.5,4,0.181,1,-1,0,0,0,0,0,0,1,0,0,0,0,0,1,0,0
"FF",10,"1","0",3,"0","1",2,0,0,0,-1,0,1,0.346,0,1,0,0,0,0,0,0,0,0,1,1,0,0,0,0,0
"CU",5,"1","0",2,"0","2",0,0,0,0,3,4.5,49,0.266,15,-1,1,1,0,0,0,1,0,0,0,0,0,0,0,1,0
"FT",3,"1","0",1,"0","0",2,0,0,0,0,3.29,48,0.296,11,1,2,2,0,0,1,0,0,0,0,1,0,0,0,0,0
"FT",14,"1","1",4,"1","0",1,0,0,1,-1,0,4,0.35,2,1,0,0,0,0,0,0,0,0,1,1,0,0,0,0,0
"FT",22,"1","1",5,"0","0",1,0,0,0,4,3.27,89,0.24,30,-1,3,4,0,0,1,0,0,0,0,1,0,0,0,0,0
"FT",22,"1","1",5,"1","1",2,0,0,0,0,3.39,78,0.271,18,1,4,4,0,0,0,1,0,0,0,0,0,0,1,0,0
"CU",15,"1","0",4,"2","2",1,0,0,0,-1,3.44,37,0.235,9,1,2,1,0,0,0,0,0,0,1,0,0,1,0,0,0
"FT",2,"1","1",1,"1","0",1,0,0,0,0,0,1,0.259,0,1,0,0,0,0,0,0,1,0,0,1,0,0,0,0,0
"FF",16,"1","0",5,"0","1",0,0,0,0,-2,3,29,0.213,9,1,3,2,0,0,0,0,0,0,1,1,0,0,0,0,0
"FF",23,"1","0",7,"1","2",1,0,0,0,4,3.29,23,0.213,10,1,2,2,0,0,0,1,0,0,0,0,0,1,0,0,0
"FT",3,"1","1",1,"0","1",0,1,0,1,0,1.93,46,0.274,16,-1,1,0,0,0,0,0,0,0,1,1,0,0,0,0,0
"CU",20,"1","1",5,"0","0",2,0,1,0,0,1.38,7,0.25,2,-1,0,0,0,0,1,0,0,0,0,1,0,0,0,0,0
"FT",14,"1","0",4,"0","0",0,0,0,0,0,3.25,61,0.25,25,1,3,4,0,0,1,0,0,0,0,1,0,0,0,0,0
"CU",4,"1","0",1,"0","1",2,0,0,0,-1,3.49,72,0.27,15,1,4,4,0,0,0,0,0,1,0,1,0,0,0,0,0
"FT",22,"1","1",6,"2","0",2,0,1,0,-1,3.39,74,0.312,24,1,3,3,0,0,0,1,0,0,0,0,0,0,0,1,0
"FF",18,"1","1",4,"0","0",1,0,0,0,0,3.39,2,0.122,0,1,4,4,11,10,1,0,0,0,0,1,0,0,0,0,0
"FT",4,"1","0",1,"0","0",1,1,0,0,0,1.38,4,0.171,2,-1,0,0,0,0,1,0,0,0,0,1,0,0,0,0,0
"FT",24,"1","0",6,"0","0",2,1,0,0,-2,3.44,37,0.235,9,1,2,1,0,0,1,0,0,0,0,1,0,0,0,0,0
"CU",19,"1","0",6,"0","0",1,0,0,0,2,4.5,4,0.181,1,-1,0,0,0,0,1,0,0,0,0,1,0,0,0,0,0
"FT",5,"1","0",2,"1","2",1,0,0,0,0,4.5,10,0.231,1,-1,0,0,0,0,0,0,0,0,1,0,0,0,1,0,0
"CU",4,"1","1",1,"1","1",0,0,1,1,-1,2.85,54,0.288,12,-1,3,2,0,0,0,0,0,0,1,0,0,0,0,1,0
"FT",8,"1","1",2,"0","0",1,0,0,0,0,3.5,20,0.244,5,1,1,1,0,0,1,0,0,0,0,1,0,0,0,0,0
"FT",1,"1","0",1,"0","0",0,0,0,0,0,3.44,23,0.281,2,1,2,1,0,0,1,0,0,0,0,1,0,0,0,0,0
"CU",9,"1","1",1,"0","2",2,1,1,0,-3,2.92,3,0.093,0,-1,3,3,7,13,0,0,0,0,1,0,0,0,0,1,0
"FF",21,"1","0",7,"0","1",0,0,0,0,2,4.5,20,0.218,12,-1,0,0,0,0,0,0,1,0,0,1,0,0,0,0,0
"FF",18,"1","0",5,"3","2",0,0,0,0,1,0,4,0.158,2,1,0,0,6,2,0,0,0,1,0,0,0,0,1,0,0
"CU",18,"1","1",5,"1","2",0,0,0,0,0,2.85,7,0.146,0,-1,3,2,10,8,0,0,0,0,1,0,0,1,0,0,0
"CU",25,"1","1",6,"1","2",2,0,1,0,1,3.52,50,0.239,17,1,2,2,0,0,0,0,0,1,0,0,0,1,0,0,0
"FT",6,"1","0",2,"3","2",0,0,0,0,0,3.5,32,0.239,13,1,1,1,0,0,0,0,0,1,0,0,0,0,1,0,0
"CU",14,"1","1",4,"2","2",0,0,0,0,0,1.38,8,0.271,1,-1,0,0,0,0,0,0,0,0,1,0,0,0,0,1,0
"FT",9,"1","1",2,"3","1",2,1,0,1,0,3.49,7,0.27,2,1,4,4,18,7,0,0,0,0,1,0,0,1,0,0,0
"FF",18,"1","1",5,"2","1",2,0,0,0,3,3.49,7,0.27,2,1,4,4,18,7,0,0,0,1,0,0,0,1,0,0,0
"FT",28,"1","1",8,"1","1",2,0,0,0,-2,3,72,0.265,25,1,3,2,0,0,0,0,0,0,1,0,0,0,1,0,0
"FT",9,"1","1",2,"0","0",2,0,0,0,0,2.85,7,0.146,0,-1,3,2,10,8,1,0,0,0,0,1,0,0,0,0,0
"CU",19,"1","0",6,"1","2",0,0,0,0,7,4.5,26,0.263,11,-1,1,1,0,0,0,0,0,1,0,0,0,0,1,0,0
"CU",21,"1","0",6,"1","2",0,0,0,0,0,1.38,3,0.273,1,-1,0,0,0,0,0,0,0,0,1,0,0,1,0,0,0
"CU",17,"1","1",4,"1","2",2,0,0,0,0,0,7,0.167,2,1,0,0,0,0,0,0,0,1,0,0,0,0,0,1,0
"FT",15,"1","0",4,"1","2",1,0,0,0,-1,3.44,37,0.235,9,1,2,1,0,0,0,0,1,0,0,0,0,1,0,0,0
"FT",16,"1","1",4,"3","2",1,0,0,0,-1,3.52,50,0.239,17,1,2,2,0,0,0,0,0,0,1,0,0,0,1,0,0
"FT",20,"1","1",6,"1","1",0,0,0,0,-2,3,13,0.229,3,1,3,2,0,0,0,0,1,0,0,0,0,0,0,1,0
"CU",4,"1","1",1,"0","2",1,0,0,0,-2,3.6,58,0.217,23,-1,2,1,0,0,0,0,1,0,0,0,0,0,0,1,0
"CU",26,"1","1",8,"1","2",0,0,0,0,-2,3,10,0.219,3,1,3,2,0,0,0,0,0,0,1,0,0,1,0,0,0
"CU",21,"1","1",6,"2","2",0,1,0,0,0,0,0,0.5,0,-1,0,0,0,0,0,0,0,0,1,0,0,0,0,1,0
"CU",20,"1","1",5,"0","0",2,1,1,0,-1,0,1,0.259,0,1,0,0,0,0,1,0,0,0,0,1,0,0,0,0,0
"FF",25,"1","1",7,"0","1",0,1,0,0,0,1.38,5,0.25,1,-1,0,0,0,0,0,0,0,0,1,1,0,0,0,0,0
"FF",11,"1","0",3,"0","1",1,0,0,0,-2,3.6,33,0.266,9,-1,2,1,0,0,0,0,0,0,1,1,0,0,0,0,0
"FT",6,"1","0",2,"3","2",0,0,0,0,0,3.39,17,0.275,7,1,4,4,0,0,0,0,1,0,0,0,0,0,0,1,0
"FT",17,"1","1",3,"0","1",2,1,0,0,-4,1.93,18,0.254,5,-1,1,0,0,0,0,0,1,0,0,1,0,0,0,0,0
"CU",8,"1","0",2,"0","0",1,0,0,0,0,2.85,41,0.245,7,-1,3,2,0,0,1,0,0,0,0,1,0,0,0,0,0
"FF",1,"1","0",1,"0","0",0,0,0,0,0,3.52,15,0.252,3,1,2,2,0,0,1,0,0,0,0,1,0,0,0,0,0
"FF",1,"1","0",1,"0","2",0,0,0,0,0,3.52,15,0.252,3,1,2,2,0,0,0,0,1,0,0,0,0,0,1,0,0
"FF",16,"1","0",4,"1","0",1,0,1,0,0,0,0,0.111,0,1,0,0,0,0,0,0,1,0,0,1,0,0,0,0,0
"CU",26,"1","1",8,"0","0",0,0,0,0,4,3.29,35,0.189,12,1,2,2,0,0,1,0,0,0,0,1,0,0,0,0,0
"FT",5,"1","1",1,"0","0",1,0,0,0,-2,2.92,71,0.225,30,-1,3,3,0,0,1,0,0,0,0,1,0,0,0,0,0
"CU",15,"1","1",5,"3","1",0,0,0,0,0,0,0,0,0,-1,0,0,0,0,0,0,0,0,1,0,0,0,0,1,0
"FF",12,"1","1",3,"0","0",2,1,0,0,2,0,37,0.266,15,1,0,0,0,0,1,0,0,0,0,1,0,0,0,0,0
"CU",21,"1","0",5,"1","1",0,0,0,0,4,3.27,85,0.318,24,-1,3,4,0,0,0,1,0,0,0,0,0,1,0,0,0
"FF",8,"1","0",3,"0","1",1,0,0,0,0,0,1,0.25,0,-1,0,0,0,0,0,0,1,0,0,1,0,0,0,0,0
"FF",14,"1","0",4,"0","1",1,1,0,0,0,3.49,47,0.231,7,1,4,4,0,0,0,0,0,1,0,1,0,0,0,0,0
"FF",25,"1","0",8,"1","0",0,0,0,0,4,3.29,0,0,0,1,2,2,0,0,0,0,0,0,1,1,0,0,0,0,0
"FF",23,"1","0",6,"0","2",1,0,0,0,0,0,3,0.296,1,1,0,0,0,0,0,0,0,1,0,0,0,1,0,0,0
"FT",19,"1","0",5,"0","0",2,0,0,0,-1,3.6,38,0.299,8,-1,2,1,0,0,1,0,0,0,0,1,0,0,0,0,0
"CU",3,"1","0",1,"0","1",1,0,0,0,0,3.39,82,0.24,24,1,4,4,0,0,0,0,0,0,1,1,0,0,0,0,0
"FT",11,"1","1",3,"2","2",2,0,1,1,1,3.29,69,0.278,22,1,2,2,0,0,0,0,1,0,0,0,0,0,1,0,0
"FT",9,"1","1",2,"0","0",2,0,1,0,-2,3.6,1,0.143,0,-1,2,1,5,10,1,0,0,0,0,1,0,0,0,0,0
"CU",23,"1","0",6,"1","1",2,1,1,0,7,4.5,49,0.266,15,-1,1,1,0,0,0,0,0,0,1,0,0,0,0,1,0
"CU",7,"1","1",2,"0","0",0,0,0,0,-1,3.52,50,0.239,17,1,2,2,0,0,1,0,0,0,0,1,0,0,0,0,0
"CU",17,"1","0",4,"3","1",0,1,0,1,0,3.25,17,0.268,3,1,3,4,0,0,0,0,0,0,1,0,1,0,0,0,0
"FT",19,"1","1",5,"1","0",2,1,0,1,-2,3,72,0.265,25,1,3,2,0,0,0,0,0,0,1,1,0,0,0,0,0
"CU",25,"1","0",8,"2","2",0,0,0,0,4,3.29,0,0,0,1,2,2,0,0,0,0,0,1,0,0,0,1,0,0,0
"FT",20,"1","1",5,"1","1",0,0,0,0,0,3.39,66,0.248,20,1,4,4,0,0,0,1,0,0,0,0,0,0,0,1,0
"CU",13,"1","1",3,"0","0",0,0,1,1,3,3.27,89,0.24,30,-1,3,4,0,0,1,0,0,0,0,1,0,0,0,0,0
"FF",11,"1","0",2,"0","2",2,1,0,0,-2,1.93,24,0.231,4,-1,1,0,0,0,0,0,1,0,0,0,0,0,0,1,0
"FT",1,"1","0",1,"0","0",0,0,0,0,0,4.5,4,0.181,1,-1,0,0,0,0,1,0,0,0,0,1,0,0,0,0,0
"FF",6,"1","0",1,"1","2",2,1,1,0,-1,1.93,15,0.2,3,-1,1,0,0,0,0,1,0,0,0,0,0,0,1,0,0
"CU",18,"1","1",4,"1","2",1,0,0,0,3,3.27,2,0.226,0,-1,3,4,0,0,0,0,1,0,0,0,0,0,0,1,0
"CU",6,"1","0",2,"0","1",0,0,0,0,4,3.27,34,0.25,7,-1,3,4,0,0,0,0,0,0,1,1,0,0,0,0,0
"CU",11,"1","0",3,"2","2",1,0,0,0,0,2.85,40,0.292,8,-1,3,2,0,0,0,0,0,0,1,0,0,0,0,1,0
"FT",28,"1","1",8,"0","1",2,0,0,0,-2,3,72,0.265,25,1,3,2,0,0,0,0,0,1,0,1,0,0,0,0,0
"FF",17,"1","0",5,"0","0",0,0,0,0,0,1.38,1,0,0,-1,0,0,0,0,1,0,0,0,0,1,0,0,0,0,0
"CU",22,"1","1",6,"0","1",1,0,0,0,1,3.86,45,0.303,12,1,2,1,0,0,0,0,1,0,0,1,0,0,0,0,0
"CU",15,"1","1",4,"1","1",2,1,0,0,3,3.29,4,0.212,2,1,2,2,0,0,0,0,0,0,1,0,0,1,0,0,0
"FT",16,"1","1",4,"0","0",2,0,0,0,0,1.38,5,0.25,1,-1,0,0,0,0,1,0,0,0,0,1,0,0,0,0,0
"FF",19,"1","0",5,"0","1",0,0,0,0,-1,3.52,15,0.252,3,1,2,2,0,0,0,1,0,0,0,1,0,0,0,0,0
"FF",7,"1","0",3,"1","2",0,0,0,0,0,3,29,0.213,9,1,3,2,0,0,0,0,1,0,0,0,0,0,0,1,0
"FT",7,"1","0",3,"0","2",0,0,0,0,0,4.5,3,0.255,1,-1,0,0,0,0,0,0,0,1,0,0,0,0,1,0,0
"FT",12,"1","1",3,"0","0",0,0,0,0,-3,1.93,46,0.274,16,-1,1,0,0,0,1,0,0,0,0,1,0,0,0,0,0
"FT",3,"1","0",1,"1","0",2,0,0,0,0,0,3,0.192,2,1,0,0,0,0,0,0,0,0,1,1,0,0,0,0,0
"CU",17,"1","1",3,"0","0",2,1,0,0,-4,1.93,18,0.254,5,-1,1,0,0,0,1,0,0,0,0,1,0,0,0,0,0
"FT",24,"1","1",6,"1","1",2,0,1,1,-1,3.6,9,0.182,4,-1,2,1,0,0,0,0,1,0,0,0,0,1,0,0,0
"FT",18,"1","1",5,"0","1",0,0,0,0,1,3.86,0,0.217,0,1,2,1,6,2,0,0,0,0,1,1,0,0,0,0,0
"FT",3,"1","1",1,"0","0",1,0,0,0,0,3.86,44,0.313,13,1,2,1,0,0,1,0,0,0,0,1,0,0,0,0,0
"CU",8,"1","1",3,"2","2",0,0,0,0,3,4.5,20,0.227,7,-1,1,1,0,0,0,0,0,0,1,0,0,0,0,1,0
"FT",3,"1","1",1,"0","0",0,1,0,1,0,1.93,46,0.274,16,-1,1,0,0,0,1,0,0,0,0,1,0,0,0,0,0
"CU",22,"1","1",6,"0","0",1,0,0,0,1,3.86,45,0.303,12,1,2,1,0,0,1,0,0,0,0,1,0,0,0,0,0
"FF",13,"1","0",4,"3","2",0,0,0,0,2,0,25,0.278,13,1,0,0,0,0,0,0,0,1,0,0,0,0,0,1,0
"CU",4,"1","1",1,"0","2",1,1,1,0,0,3.52,71,0.248,26,1,2,2,0,0,0,0,0,0,1,0,0,0,0,1,0
"FT",15,"1","1",4,"0","2",1,0,0,0,0,2.85,39,0.274,8,-1,3,2,0,0,0,0,0,1,0,0,1,0,0,0,0
"FF",14,"1","1",4,"1","1",0,0,0,0,-1,3.44,11,0.258,3,1,2,1,0,0,0,0,0,1,0,0,0,0,0,1,0
"FT",16,"1","0",5,"3","2",0,1,0,0,0,0,0,0.333,0,-1,0,0,0,0,0,1,0,0,0,0,0,0,1,0,0
"CU",13,"1","1",4,"0","0",1,0,0,0,0,4.5,40,0.282,16,-1,0,0,0,0,1,0,0,0,0,1,0,0,0,0,0
"FT",2,"1","0",1,"0","1",0,0,0,0,1,2.92,40,0.264,10,-1,3,3,0,0,0,0,0,0,1,1,0,0,0,0,0
"CU",7,"1","0",2,"0","0",0,1,0,0,0,3.49,30,0.193,6,1,4,4,0,0,1,0,0,0,0,1,0,0,0,0,0
"CU",17,"1","1",5,"0","2",2,0,0,0,0,3.39,10,0.189,2,1,3,3,0,0,0,1,0,0,0,0,0,0,0,1,0
"CU",8,"1","1",2,"0","0",2,1,1,0,2,0,7,0.167,2,1,0,0,0,0,1,0,0,0,0,1,0,0,0,0,0
"FF",6,"1","0",2,"2","2",0,0,0,0,0,3.5,32,0.239,13,1,1,1,0,0,0,0,0,1,0,0,1,0,0,0,0
"CU",2,"1","1",1,"1","2",0,1,0,0,0,3.25,75,0.276,20,1,3,4,0,0,0,0,1,0,0,0,0,0,1,0,0
"CU",18,"1","1",6,"0","2",0,0,0,0,2,4.5,6,0.292,2,-1,0,0,0,0,0,0,1,0,0,0,0,0,0,1,0
"FF",15,"1","1",4,"0","0",1,1,0,0,-1,3.6,9,0.182,4,-1,2,1,0,0,1,0,0,0,0,1,0,0,0,0,0
"FT",20,"1","0",6,"2","2",0,0,0,0,7,4.5,27,0.258,6,-1,1,1,0,0,0,1,0,0,0,0,1,0,0,0,0
"FT",3,"1","0",1,"1","0",0,1,0,0,0,4.5,54,0.303,19,-1,1,1,0,0,0,0,0,0,1,1,0,0,0,0,0
"FT",16,"1","1",4,"3","2",1,0,1,0,0,2.85,50,0.287,13,-1,3,2,0,0,0,0,1,0,0,0,0,0,1,0,0
"CU",13,"1","1",4,"1","2",1,0,0,0,0,0,0,0.25,0,-1,0,0,0,0,0,1,0,0,0,0,0,0,1,0,0
"FT",4,"1","1",1,"1","0",2,0,1,0,0,3.39,78,0.271,18,1,4,4,0,0,0,0,0,0,1,1,0,0,0,0,0
"CU",16,"1","1",4,"1","0",1,0,0,0,-1,3.52,50,0.239,17,1,2,2,0,0,0,0,0,1,0,1,0,0,0,0,0
"FT",3,"1","1",1,"2","2",1,0,0,0,0,0,37,0.266,15,1,0,0,0,0,0,0,0,0,1,0,0,0,1,0,0
"FT",20,"1","0",6,"2","1",2,0,0,0,2,4.5,21,0.267,6,-1,0,0,0,0,0,0,0,0,1,0,0,1,0,0,0
"FF",13,"1","1",4,"1","1",2,0,0,0,5,4.5,53,0.284,20,-1,1,1,0,0,0,0,0,1,0,0,0,0,1,0,0
"CU",12,"1","0",3,"0","1",1,0,0,0,-1,3.44,20,0.268,3,1,2,1,0,0,0,0,1,0,0,1,0,0,0,0,0
"FF",22,"1","1",6,"3","1",0,0,0,0,-1,0,6,0.333,2,1,0,0,0,0,0,0,1,0,0,0,0,1,0,0,0
"FT",10,"1","0",3,"2","2",0,0,0,0,4,3.5,25,0.262,5,1,1,1,0,0,0,0,1,0,0,0,1,0,0,0,0
"FF",2,"1","0",1,"2","1",0,1,0,0,1,2.85,40,0.292,8,-1,3,2,0,0,0,0,0,0,1,0,0,0,0,1,0
"FF",14,"1","1",3,"0","1",0,0,0,0,-4,2.92,71,0.225,30,-1,3,3,0,0,0,1,0,0,0,1,0,0,0,0,0
"CU",7,"1","0",2,"1","2",1,0,0,0,-1,3.44,17,0.226,4,1,2,1,0,0,0,0,0,1,0,0,1,0,0,0,0
"FT",16,"1","0",5,"1","1",0,1,0,0,0,0,0,0.333,0,-1,0,0,0,0,0,0,0,0,1,0,0,0,0,1,0
"FT",4,"1","1",1,"0","0",1,0,0,0,-2,3.6,58,0.217,23,-1,2,1,0,0,1,0,0,0,0,1,0,0,0,0,0
"FF",15,"1","0",3,"1","1",1,1,0,0,-1,3.39,17,0.275,7,1,4,4,0,0,0,1,0,0,0,0,1,0,0,0,0
"CU",12,"1","0",3,"1","2",1,0,0,0,0,3.25,47,0.25,14,1,3,4,0,0,0,0,0,1,0,0,1,0,0,0,0
"FF",13,"1","1",3,"1","2",0,1,0,0,-1,3.39,78,0.271,18,1,4,4,0,0,0,0,0,0,1,0,0,0,0,1,0
"FF",20,"1","0",5,"0","0",1,0,0,1,0,0,26,0.244,8,1,0,0,0,0,1,0,0,0,0,1,0,0,0,0,0
"FT",5,"1","0",2,"1","0",0,0,0,0,0,3.49,47,0.231,7,1,4,4,0,0,0,0,0,1,0,1,0,0,0,0,0
"FT",17,"1","1",4,"3","2",2,0,0,0,0,0,7,0.167,2,1,0,0,0,0,0,0,0,1,0,0,0,0,1,0,0
"FT",10,"1","1",2,"0","1",0,0,0,0,-3,2.92,15,0.235,6,-1,3,3,0,0,0,0,0,0,1,1,0,0,0,0,0
